{"type": "FeatureCollection", "features": [{"type": "Feature", "geometry": {"type": "Polygon", "coordinates": [[[144.950172, -37.78983], [144.950173, -37.78983], [144.950188, -37.78977], [144.950192, -37.789756], [144.950192, -37.789753], [144.950197, -37.789738], [144.950209, -37.789705], [144.950222, -37.789667], [144.950222, -37.789665], [144.95023, -37.789644], [144.950241, -37.789617], [144.950244, -37.789609], [144.950251, -37.789591], [144.950258, -37.789573], [144.950268, -37.789558], [144.950279, -37.789546], [144.950318, -37.789507], [144.950334, -37.789496], [144.950354, -37.78949], [144.950375, -37.789491], [144.950469, -37.789506], [144.950487, -37.78951], [144.95051, -37.789517], [144.950526, -37.789532], [144.950532, -37.78955], [144.950535, -37.789583], [144.950539, -37.789622], [144.950539, -37.789628], [144.950536, -37.789656], [144.950525, -37.789777], [144.950523, -37.789793], [144.950513, -37.789816], [144.950491, -37.789842], [144.950467, -37.789857], [144.95045, -37.789864], [144.950289, -37.789921], [144.950262, -37.789925], [144.950237, -37.789919], [144.950228, -37.789915], [144.950202, -37.789903], [144.950194, -37.789899], [144.950177, -37.789887], [144.950168, -37.78987], [144.950167, -37.789852], [144.950172, -37.78983]]]}, "properties": {"cluster_rank": 1, "precinct": "Parkville", "located_in": "Park", "tree_count": 126, "tree_type": "Gum tree (Eucalyptus)", "dominant_genus_share": 1.0, "replacement_cost_aud": 55200.0, "footprint_m2": 1168.9, "avg_hvi_score": 1.0}}, {"type": "Feature", "geometry": {"type": "Polygon", "coordinates": [[[144.940904, -37.787161], [144.940904, -37.78714], [144.940908, -37.787124], [144.940918, -37.78711], [144.940934, -37.7871], [144.941001, -37.787071], [144.941016, -37.787068], [144.941031, -37.787058], [144.941035, -37.787057], [144.941213, -37.786979], [144.941361, -37.786916], [144.941362, -37.786915], [144.941374, -37.78691], [144.941379, -37.786908], [144.941382, -37.786908], [144.941385, -37.786906], [144.941452, -37.786879], [144.941454, -37.786878], [144.941477, -37.78687], [144.941502, -37.786861], [144.941505, -37.78686], [144.94153, -37.786852], [144.941617, -37.786826], [144.941619, -37.786826], [144.941668, -37.786813], [144.941681, -37.786807], [144.941775, -37.786779], [144.9418, -37.786771], [144.941822, -37.786768], [144.941844, -37.786772], [144.941862, -37.786782], [144.941873, -37.786797], [144.941877, -37.786815], [144.941872, -37.786832], [144.941859, -37.786846], [144.941821, -37.786875], [144.941818, -37.786877], [144.941782, -37.786901], [144.941754, -37.78692], [144.941752, -37.786921], [144.941726, -37.786937], [144.94172, -37.78694], [144.941693, -37.786952], [144.941674, -37.786957], [144.941642, -37.786975], [144.941638, -37.786977], [144.941541, -37.787022], [144.941537, -37.787023], [144.941513, -37.787029], [144.941511, -37.787029], [144.941362, -37.787067], [144.941361, -37.787067], [144.94136, -37.787069], [144.941359, -37.787069], [144.941354, -37.787074], [144.941347, -37.787079], [144.941338, -37.787085], [144.941337, -37.787085], [144.941327, -37.787089], [144.941323, -37.78709], [144.941319, -37.787091], [144.941319, -37.787091], [144.941316, -37.787092], [144.941302, -37.787095], [144.941297, -37.787096], [144.941297, -37.787096], [144.941292, -37.787096], [144.941291, -37.787096], [144.941228, -37.787161], [144.941211, -37.787172], [144.941172, -37.78719], [144.941159, -37.787194], [144.941149, -37.787201], [144.94111, -37.787219], [144.941003, -37.787267], [144.940989, -37.787274], [144.940966, -37.78728], [144.940942, -37.787278], [144.940922, -37.787268], [144.940908, -37.787253], [144.940903, -37.787235], [144.940904, -37.787161]]]}, "properties": {"cluster_rank": 2, "precinct": "Parkville", "located_in": "Park", "tree_count": 91, "tree_type": "She-oak (Allocasuarina)", "dominant_genus_share": 0.967, "replacement_cost_aud": 112000.0, "footprint_m2": 1541.1, "avg_hvi_score": 2.0}}, {"type": "Feature", "geometry": {"type": "Polygon", "coordinates": [[[144.943451, -37.786468], [144.943452, -37.786448], [144.943464, -37.78643], [144.94372, -37.786206], [144.943784, -37.78615], [144.943804, -37.786132], [144.943808, -37.786129], [144.943848, -37.786101], [144.943879, -37.786079], [144.943881, -37.786078], [144.943935, -37.786043], [144.944096, -37.78594], [144.944103, -37.785935], [144.944121, -37.785927], [144.944141, -37.785925], [144.944161, -37.785929], [144.944178, -37.785938], [144.94419, -37.785951], [144.944196, -37.785966], [144.944199, -37.785993], [144.944198, -37.786007], [144.944063, -37.786488], [144.944051, -37.786531], [144.944039, -37.78655], [144.944018, -37.786562], [144.943974, -37.786577], [144.943969, -37.786579], [144.94366, -37.786655], [144.943641, -37.786657], [144.943623, -37.786654], [144.943569, -37.786637], [144.943511, -37.786619], [144.943494, -37.786611], [144.943482, -37.786599], [144.943475, -37.786584], [144.94347, -37.786557], [144.943451, -37.786468]]]}, "properties": {"cluster_rank": 3, "precinct": "Parkville", "located_in": "Park", "tree_count": 74, "tree_type": "Wattle (Acacia)", "dominant_genus_share": 0.865, "replacement_cost_aud": 37600.0, "footprint_m2": 2946.7, "avg_hvi_score": 1.0}}, {"type": "Feature", "geometry": {"type": "Polygon", "coordinates": [[[144.947845, -37.789529], [144.947863, -37.78951], [144.947921, -37.789471], [144.947949, -37.789452], [144.947977, -37.789442], [144.948135, -37.789423], [144.948314, -37.7894], [144.948336, -37.789401], [144.948356, -37.789408], [144.948371, -37.789421], [144.948391, -37.789446], [144.948394, -37.78945], [144.948412, -37.789473], [144.948437, -37.789505], [144.948445, -37.789521], [144.948444, -37.789539], [144.948435, -37.789555], [144.948418, -37.789567], [144.948378, -37.789587], [144.948259, -37.789644], [144.948156, -37.789694], [144.948142, -37.789699], [144.947834, -37.789765], [144.947814, -37.789767], [144.947794, -37.789762], [144.947778, -37.789752], [144.947767, -37.789739], [144.947763, -37.789723], [144.947766, -37.789707], [144.947845, -37.789529]]]}, "properties": {"cluster_rank": 4, "precinct": "Parkville", "located_in": "Park", "tree_count": 60, "tree_type": "Gum tree (Eucalyptus)", "dominant_genus_share": 0.7, "replacement_cost_aud": 33600.0, "footprint_m2": 1519.8, "avg_hvi_score": 1.0}}, {"type": "Feature", "geometry": {"type": "Polygon", "coordinates": [[[144.913713, -37.795067], [144.913698, -37.79506], [144.913681, -37.795046], [144.913653, -37.795011], [144.913646, -37.794999], [144.913637, -37.794974], [144.913635, -37.794957], [144.913641, -37.794941], [144.913654, -37.794928], [144.913671, -37.79492], [144.913692, -37.794917], [144.913708, -37.794917], [144.913727, -37.794919], [144.913753, -37.794926], [144.913757, -37.794928], [144.91379, -37.79494], [144.91381, -37.794947], [144.91382, -37.794952], [144.91389, -37.794992], [144.913912, -37.794988], [144.913936, -37.794992], [144.913941, -37.794994], [144.913971, -37.795005], [144.913981, -37.79501], [144.914008, -37.795026], [144.914084, -37.795071], [144.914087, -37.795074], [144.914092, -37.795076], [144.914132, -37.795099], [144.914134, -37.795101], [144.914135, -37.795101], [144.914138, -37.795103], [144.914151, -37.795111], [144.914155, -37.795113], [144.914173, -37.795127], [144.914181, -37.795134], [144.91419, -37.795144], [144.914192, -37.795146], [144.914214, -37.795173], [144.914217, -37.795178], [144.914225, -37.795191], [144.914231, -37.79521], [144.914226, -37.795229], [144.914212, -37.795244], [144.914192, -37.795254], [144.914167, -37.795256], [144.914116, -37.795251], [144.914102, -37.795248], [144.914021, -37.795223], [144.914011, -37.795219], [144.913971, -37.795199], [144.913967, -37.795196], [144.913952, -37.795185], [144.91395, -37.795185], [144.913946, -37.795184], [144.913931, -37.795178], [144.913907, -37.795166], [144.913897, -37.795159], [144.913895, -37.795158], [144.913895, -37.795157], [144.91389, -37.795156], [144.913889, -37.795155], [144.913886, -37.795153], [144.91388, -37.79515], [144.913879, -37.79515], [144.913873, -37.795145], [144.913867, -37.79514], [144.913865, -37.795138], [144.91386, -37.795134], [144.913859, -37.795133], [144.913855, -37.795128], [144.913855, -37.795128], [144.913852, -37.795123], [144.913852, -37.795122], [144.913852, -37.795122], [144.913839, -37.795121], [144.913839, -37.795121], [144.913828, -37.795121], [144.913807, -37.795115], [144.913757, -37.79509], [144.913742, -37.795078], [144.913742, -37.795078], [144.913721, -37.795071], [144.913713, -37.795067]]]}, "properties": {"cluster_rank": 5, "precinct": "Kensington", "located_in": "Park", "tree_count": 53, "tree_type": "Boobialla (Myoporum)", "dominant_genus_share": 0.906, "replacement_cost_aud": 148400.0, "footprint_m2": 893.1, "avg_hvi_score": 1.0}}, {"type": "Feature", "geometry": {"type": "Polygon", "coordinates": [[[144.954825, -37.793321], [144.954825, -37.793321], [144.954844, -37.793288], [144.954857, -37.793273], [144.954913, -37.793232], [144.954923, -37.793224], [144.954932, -37.793217], [144.954933, -37.793217], [144.954934, -37.793216], [144.955046, -37.793133], [144.955062, -37.793125], [144.955064, -37.793123], [144.955073, -37.793113], [144.955082, -37.793107], [144.955168, -37.793043], [144.95517, -37.793041], [144.955479, -37.792832], [144.955483, -37.792829], [144.955579, -37.792776], [144.955587, -37.792772], [144.955588, -37.792772], [144.955591, -37.792769], [144.955597, -37.792765], [144.95564, -37.792742], [144.955641, -37.792741], [144.955702, -37.792709], [144.955711, -37.792706], [144.95574, -37.792696], [144.955762, -37.792693], [144.955784, -37.792696], [144.955855, -37.79272], [144.95588, -37.792736], [144.955898, -37.792757], [144.955906, -37.792772], [144.955907, -37.792789], [144.9559, -37.792805], [144.955886, -37.792817], [144.955748, -37.792905], [144.955739, -37.79291], [144.955721, -37.792918], [144.955701, -37.79292], [144.955693, -37.792919], [144.955436, -37.793087], [144.955434, -37.793088], [144.955434, -37.793088], [144.955432, -37.793089], [144.955422, -37.793095], [144.955397, -37.793116], [144.955396, -37.793117], [144.955396, -37.793117], [144.955395, -37.793118], [144.955392, -37.79312], [144.955386, -37.793124], [144.955384, -37.793124], [144.955378, -37.793128], [144.955377, -37.793128], [144.955371, -37.793131], [144.955369, -37.793131], [144.955362, -37.793133], [144.955347, -37.793136], [144.955335, -37.79315], [144.955332, -37.793158], [144.955324, -37.79317], [144.955313, -37.79318], [144.955231, -37.793232], [144.955209, -37.79324], [144.955209, -37.793241], [144.955201, -37.793242], [144.955199, -37.793242], [144.955197, -37.793242], [144.955191, -37.793254], [144.955178, -37.793265], [144.95505, -37.793346], [144.955046, -37.793349], [144.95494, -37.793404], [144.954875, -37.793437], [144.954856, -37.793443], [144.954835, -37.793444], [144.954816, -37.793438], [144.9548, -37.793428], [144.95479, -37.793413], [144.954787, -37.793397], [144.954792, -37.793381], [144.954825, -37.793321]]]}, "properties": {"cluster_rank": 6, "precinct": "Parkville", "located_in": "Park", "tree_count": 41, "tree_type": "Gum tree (Eucalyptus)", "dominant_genus_share": 1.0, "replacement_cost_aud": 49200.0, "footprint_m2": 2173.3, "avg_hvi_score": 1.0}}, {"type": "Feature", "geometry": {"type": "Polygon", "coordinates": [[[144.943889, -37.786988], [144.943837, -37.786971], [144.943817, -37.78696], [144.943805, -37.786944], [144.943802, -37.786925], [144.943809, -37.786907], [144.943862, -37.786832], [144.943873, -37.786821], [144.943887, -37.786813], [144.944254, -37.786667], [144.944273, -37.786663], [144.944292, -37.786664], [144.94431, -37.78667], [144.944415, -37.786723], [144.944431, -37.786735], [144.944438, -37.786749], [144.944468, -37.786758], [144.944472, -37.786757], [144.944495, -37.786764], [144.944506, -37.78677], [144.944662, -37.786849], [144.944677, -37.78686], [144.944686, -37.786874], [144.944761, -37.787072], [144.944782, -37.787128], [144.944784, -37.787145], [144.944778, -37.787161], [144.944765, -37.787175], [144.944746, -37.787183], [144.944725, -37.787186], [144.944458, -37.787176], [144.944438, -37.787172], [144.944337, -37.787139], [144.944325, -37.787135], [144.944309, -37.787126], [144.944297, -37.787113], [144.944291, -37.787098], [144.944275, -37.786988], [144.944274, -37.786989], [144.944264, -37.786994], [144.944251, -37.786999], [144.944245, -37.787], [144.944231, -37.787002], [144.944228, -37.787002], [144.944228, -37.787002], [144.944227, -37.787002], [144.944227, -37.787002], [144.944198, -37.787003], [144.944197, -37.787003], [144.944196, -37.787003], [144.944195, -37.787003], [144.944192, -37.787003], [144.944178, -37.787002], [144.944173, -37.787001], [144.944161, -37.786997], [144.944141, -37.786988], [144.944138, -37.786987], [144.944131, -37.786984], [144.944129, -37.786983], [144.944123, -37.786979], [144.944123, -37.786978], [144.944117, -37.786974], [144.944117, -37.786974], [144.944053, -37.786964], [144.944048, -37.786966], [144.944046, -37.786967], [144.944039, -37.786969], [144.944037, -37.78697], [144.944022, -37.786975], [144.944016, -37.786977], [144.944013, -37.786977], [144.944006, -37.786979], [144.944006, -37.786979], [144.944001, -37.786979], [144.943994, -37.78698], [144.943993, -37.78698], [144.943986, -37.78698], [144.943983, -37.78698], [144.943977, -37.786979], [144.94396, -37.786984], [144.943959, -37.786985], [144.943941, -37.786993], [144.943921, -37.786996], [144.9439, -37.786992], [144.943889, -37.786988]]]}, "properties": {"cluster_rank": 7, "precinct": "Parkville", "located_in": "Park", "tree_count": 41, "tree_type": "Wattle (Acacia)", "dominant_genus_share": 0.829, "replacement_cost_aud": 22000.0, "footprint_m2": 2831.5, "avg_hvi_score": 1.0}}, {"type": "Feature", "geometry": {"type": "Polygon", "coordinates": [[[144.94441, -37.78903], [144.94441, -37.789029], [144.944406, -37.788952], [144.94441, -37.788932], [144.944426, -37.788916], [144.944511, -37.78886], [144.944524, -37.788853], [144.944727, -37.78878], [144.94475, -37.788776], [144.944773, -37.788779], [144.944792, -37.78879], [144.944801, -37.788797], [144.944816, -37.788818], [144.944837, -37.788886], [144.944836, -37.788909], [144.944833, -37.788917], [144.944836, -37.788918], [144.944843, -37.788918], [144.944931, -37.78894], [144.944944, -37.788945], [144.944975, -37.78896], [144.944962, -37.788941], [144.944957, -37.788931], [144.944955, -37.788926], [144.94495, -37.788914], [144.944949, -37.788905], [144.944946, -37.788897], [144.944946, -37.788884], [144.944946, -37.788879], [144.944947, -37.788876], [144.944947, -37.788873], [144.944948, -37.788869], [144.944951, -37.788856], [144.944956, -37.788848], [144.944959, -37.78884], [144.944967, -37.788828], [144.94497, -37.788824], [144.944972, -37.788822], [144.944974, -37.78882], [144.944978, -37.788817], [144.944989, -37.788807], [144.944998, -37.788801], [144.945006, -37.788795], [144.94502, -37.788789], [144.945025, -37.788787], [144.945028, -37.788785], [144.945032, -37.788784], [144.945037, -37.788783], [144.945052, -37.788779], [144.945061, -37.788778], [144.945028, -37.788737], [144.945022, -37.788726], [144.945018, -37.788717], [144.945016, -37.788701], [144.945021, -37.788686], [144.945032, -37.788672], [144.945049, -37.788663], [144.945125, -37.788636], [144.945134, -37.788633], [144.945221, -37.788616], [144.945226, -37.788615], [144.945232, -37.788613], [144.94533, -37.788594], [144.945352, -37.788593], [144.945372, -37.788598], [144.945388, -37.788609], [144.945398, -37.788624], [144.945476, -37.788825], [144.945478, -37.788841], [144.94547, -37.788926], [144.945465, -37.788942], [144.945455, -37.788953], [144.945463, -37.788966], [144.945465, -37.788982], [144.945438, -37.78928], [144.945432, -37.789297], [144.945418, -37.789311], [144.945398, -37.78932], [144.945375, -37.789321], [144.94529, -37.789313], [144.94527, -37.789309], [144.945253, -37.789298], [144.945243, -37.789284], [144.94524, -37.789267], [144.945241, -37.789237], [144.945197, -37.789228], [144.945183, -37.789223], [144.945154, -37.78921], [144.945151, -37.789213], [144.945139, -37.789225], [144.945137, -37.789227], [144.945137, -37.789227], [144.945136, -37.789228], [144.945133, -37.78923], [144.945128, -37.789241], [144.945104, -37.789271], [144.945082, -37.789286], [144.94508, -37.789287], [144.945048, -37.789292], [144.944786, -37.789268], [144.944765, -37.789263], [144.944749, -37.789252], [144.944744, -37.789246], [144.944717, -37.789227], [144.944715, -37.789228], [144.944708, -37.789231], [144.944666, -37.789242], [144.944641, -37.789243], [144.944627, -37.789249], [144.944602, -37.789251], [144.944519, -37.789244], [144.944509, -37.789242], [144.94446, -37.789231], [144.944439, -37.789222], [144.944425, -37.789207], [144.944419, -37.789189], [144.94441, -37.789031], [144.94441, -37.78903]]]}, "properties": {"cluster_rank": 8, "precinct": "Parkville", "located_in": "Park", "tree_count": 39, "tree_type": "Gum tree (Eucalyptus)", "dominant_genus_share": 1.0, "replacement_cost_aud": 30800.0, "footprint_m2": 5180.6, "avg_hvi_score": 1.0}}, {"type": "Feature", "geometry": {"type": "Polygon", "coordinates": [[[144.943718, -37.788384], [144.943724, -37.788367], [144.943737, -37.788353], [144.944018, -37.788163], [144.944034, -37.788156], [144.944044, -37.788154], [144.944044, -37.788154], [144.944061, -37.788134], [144.94415, -37.788074], [144.944156, -37.788071], [144.944162, -37.788066], [144.944253, -37.788004], [144.94427, -37.787996], [144.944289, -37.787993], [144.944291, -37.787994], [144.944293, -37.787989], [144.94431, -37.78797], [144.94434, -37.787951], [144.944367, -37.787941], [144.944382, -37.787939], [144.944382, -37.787931], [144.944389, -37.787916], [144.944401, -37.787904], [144.944462, -37.787862], [144.944485, -37.787853], [144.94451, -37.787852], [144.944534, -37.787861], [144.944688, -37.787954], [144.944696, -37.78796], [144.944799, -37.788051], [144.944811, -37.788068], [144.944813, -37.788088], [144.944804, -37.788106], [144.944738, -37.788185], [144.944735, -37.788189], [144.944627, -37.788291], [144.94461, -37.788302], [144.944589, -37.788307], [144.944567, -37.788305], [144.944539, -37.788299], [144.944518, -37.788289], [144.944518, -37.788292], [144.944512, -37.788305], [144.944518, -37.788314], [144.944523, -37.788325], [144.944531, -37.788354], [144.944531, -37.788375], [144.944519, -37.788393], [144.944405, -37.788502], [144.94439, -37.788512], [144.944371, -37.788517], [144.944274, -37.788531], [144.944261, -37.788532], [144.944062, -37.788525], [144.944039, -37.78852], [144.94402, -37.788508], [144.944017, -37.788503], [144.943989, -37.788509], [144.943985, -37.788508], [144.943968, -37.788515], [144.943939, -37.78852], [144.943763, -37.788514], [144.943741, -37.78851], [144.943723, -37.788499], [144.943712, -37.788483], [144.943709, -37.788465], [144.943718, -37.788384]]]}, "properties": {"cluster_rank": 9, "precinct": "Parkville", "located_in": "Park", "tree_count": 37, "tree_type": "Gum tree (Eucalyptus)", "dominant_genus_share": 0.973, "replacement_cost_aud": 19000.0, "footprint_m2": 4064.6, "avg_hvi_score": 1.0}}, {"type": "Feature", "geometry": {"type": "Polygon", "coordinates": [[[144.911613, -37.800148], [144.911621, -37.800139], [144.911766, -37.800022], [144.91178, -37.800014], [144.911912, -37.799959], [144.911931, -37.799954], [144.911951, -37.799955], [144.912131, -37.799988], [144.912159, -37.800001], [144.912165, -37.800005], [144.912193, -37.800002], [144.912213, -37.800003], [144.912295, -37.800018], [144.912311, -37.800023], [144.912324, -37.800031], [144.912336, -37.800041], [144.912347, -37.800055], [144.912351, -37.800072], [144.91235, -37.800104], [144.91235, -37.800111], [144.912338, -37.800166], [144.912334, -37.800176], [144.912302, -37.800233], [144.912286, -37.80025], [144.912261, -37.800259], [144.91219, -37.800269], [144.912152, -37.800274], [144.912136, -37.800275], [144.912054, -37.800268], [144.91205, -37.800272], [144.912038, -37.800279], [144.912033, -37.800281], [144.912029, -37.800282], [144.912019, -37.80029], [144.911998, -37.800297], [144.911783, -37.800327], [144.911773, -37.800327], [144.911761, -37.800331], [144.911564, -37.800359], [144.911542, -37.800359], [144.911522, -37.800352], [144.911507, -37.80034], [144.911498, -37.800325], [144.911498, -37.800307], [144.911505, -37.800291], [144.911613, -37.800148]]]}, "properties": {"cluster_rank": 10, "precinct": "West Melbourne", "located_in": "Park", "tree_count": 34, "tree_type": "Wilga (Geijera)", "dominant_genus_share": 0.471, "replacement_cost_aud": 32800.0, "footprint_m2": 2181.1, "avg_hvi_score": 1.0}}, {"type": "Feature", "geometry": {"type": "Polygon", "coordinates": [[[144.944532, -37.82032], [144.944521, -37.820306], [144.944516, -37.82029], [144.944519, -37.820274], [144.944529, -37.820259], [144.944545, -37.820249], [144.944793, -37.82014], [144.944793, -37.82014], [144.944837, -37.820121], [144.944844, -37.820119], [144.944911, -37.820099], [144.944914, -37.820098], [144.944954, -37.820089], [144.944964, -37.820087], [144.944995, -37.820085], [144.945005, -37.820084], [144.945083, -37.820089], [144.945098, -37.820092], [144.945246, -37.820137], [144.945264, -37.820146], [144.945277, -37.820159], [144.945283, -37.820175], [144.945281, -37.820192], [144.945271, -37.820207], [144.945171, -37.820307], [144.945152, -37.820319], [144.945129, -37.820324], [144.945105, -37.820321], [144.945085, -37.82031], [144.945048, -37.820279], [144.945034, -37.820259], [144.945033, -37.820256], [144.945002, -37.820256], [144.944894, -37.820263], [144.944888, -37.820263], [144.944859, -37.820276], [144.944856, -37.820286], [144.944852, -37.820297], [144.944838, -37.820319], [144.944833, -37.820324], [144.944835, -37.820326], [144.944837, -37.820333], [144.94484, -37.820339], [144.944844, -37.82035], [144.944847, -37.82037], [144.944893, -37.820397], [144.944961, -37.820432], [144.944972, -37.82044], [144.944976, -37.820443], [144.944986, -37.820457], [144.94499, -37.820472], [144.944987, -37.820487], [144.944978, -37.820501], [144.944941, -37.820538], [144.944922, -37.820551], [144.944897, -37.820555], [144.944872, -37.820551], [144.944778, -37.820515], [144.944762, -37.820506], [144.944532, -37.82032]]]}, "properties": {"cluster_rank": 11, "precinct": "Docklands", "located_in": "Park", "tree_count": 30, "tree_type": "Spotted gum (Corymbia)", "dominant_genus_share": 0.867, "replacement_cost_aud": 81400.0, "footprint_m2": 1686.9, "avg_hvi_score": 1.0}}, {"type": "Feature", "geometry": {"type": "Polygon", "coordinates": [[[144.935206, -37.810073], [144.935207, -37.810055], [144.935216, -37.810039], [144.935232, -37.810027], [144.935254, -37.81002], [144.935276, -37.810021], [144.935296, -37.810029], [144.935453, -37.810124], [144.935485, -37.810143], [144.935514, -37.810161], [144.935528, -37.810173], [144.93554, -37.810189], [144.935547, -37.810201], [144.935549, -37.810215], [144.935542, -37.81031], [144.935541, -37.810313], [144.935519, -37.810456], [144.935513, -37.810472], [144.9355, -37.810485], [144.935482, -37.810493], [144.935461, -37.810496], [144.935441, -37.810492], [144.935423, -37.810483], [144.935334, -37.810415], [144.93532, -37.810399], [144.93525, -37.810258], [144.935247, -37.81025], [144.93522, -37.810132], [144.935211, -37.810094], [144.935206, -37.810073]]]}, "properties": {"cluster_rank": 12, "precinct": "Docklands", "located_in": "Park", "tree_count": 27, "tree_type": "Gum tree (Eucalyptus)", "dominant_genus_share": 0.519, "replacement_cost_aud": 26000.0, "footprint_m2": 1016.5, "avg_hvi_score": 3.0}}, {"type": "Feature", "geometry": {"type": "Polygon", "coordinates": [[[144.935265, -37.811033], [144.935261, -37.811016], [144.935261, -37.810898], [144.935261, -37.810895], [144.935268, -37.810809], [144.935277, -37.810695], [144.935282, -37.810679], [144.935295, -37.810665], [144.935313, -37.810656], [144.935334, -37.810653], [144.935355, -37.810656], [144.935373, -37.810666], [144.935392, -37.81068], [144.935394, -37.810682], [144.935475, -37.810751], [144.935484, -37.810758], [144.935495, -37.810773], [144.935499, -37.810791], [144.935499, -37.810795], [144.935522, -37.810797], [144.935543, -37.810808], [144.935579, -37.810839], [144.93559, -37.810852], [144.935594, -37.810868], [144.935597, -37.810918], [144.935594, -37.810936], [144.935547, -37.81104], [144.935535, -37.811056], [144.935515, -37.811066], [144.935368, -37.811112], [144.935347, -37.811115], [144.935325, -37.811112], [144.935307, -37.811102], [144.935295, -37.811088], [144.935265, -37.811033]]]}, "properties": {"cluster_rank": 13, "precinct": "Docklands", "located_in": "Park", "tree_count": 26, "tree_type": "She-oak (Casuarina)", "dominant_genus_share": 0.808, "replacement_cost_aud": 14400.0, "footprint_m2": 1105.9, "avg_hvi_score": 3.0}}, {"type": "Feature", "geometry": {"type": "Polygon", "coordinates": [[[144.950044, -37.791809], [144.950042, -37.791808], [144.950029, -37.791803], [144.950015, -37.791796], [144.950005, -37.791786], [144.949991, -37.791769], [144.949984, -37.791752], [144.949985, -37.791734], [144.949995, -37.791718], [144.950012, -37.791706], [144.950091, -37.79167], [144.95011, -37.791665], [144.95013, -37.791665], [144.950137, -37.791666], [144.950143, -37.791667], [144.950145, -37.791668], [144.950149, -37.791668], [144.95015, -37.791668], [144.950157, -37.791668], [144.950159, -37.791668], [144.950164, -37.791669], [144.950207, -37.791632], [144.950208, -37.79163], [144.950218, -37.791616], [144.950233, -37.791606], [144.950239, -37.791603], [144.950267, -37.79159], [144.950283, -37.791586], [144.9503, -37.791585], [144.950374, -37.79159], [144.950396, -37.791595], [144.950414, -37.791607], [144.950424, -37.791623], [144.950432, -37.791648], [144.950433, -37.791669], [144.950422, -37.791687], [144.950356, -37.791755], [144.950318, -37.791795], [144.950298, -37.791808], [144.950274, -37.791813], [144.950143, -37.791815], [144.950078, -37.791816], [144.950056, -37.791813], [144.950044, -37.791809]]]}, "properties": {"cluster_rank": 14, "precinct": "Parkville", "located_in": "Park", "tree_count": 25, "tree_type": "Gum tree (Eucalyptus)", "dominant_genus_share": 0.96, "replacement_cost_aud": 15600.0, "footprint_m2": 671.1, "avg_hvi_score": 1.0}}, {"type": "Feature", "geometry": {"type": "Polygon", "coordinates": [[[144.952236, -37.795397], [144.952236, -37.795397], [144.952293, -37.795315], [144.952338, -37.795251], [144.952343, -37.795245], [144.952348, -37.795239], [144.952378, -37.795207], [144.952391, -37.795198], [144.952429, -37.795177], [144.952454, -37.795163], [144.952473, -37.795156], [144.952494, -37.795155], [144.952514, -37.795161], [144.95253, -37.795171], [144.952548, -37.795188], [144.952559, -37.795204], [144.95256, -37.795222], [144.952553, -37.795239], [144.952511, -37.795298], [144.952503, -37.795306], [144.952463, -37.795341], [144.952459, -37.795344], [144.952406, -37.79539], [144.95231, -37.795474], [144.952291, -37.795485], [144.952268, -37.795489], [144.952245, -37.795485], [144.952226, -37.795474], [144.952214, -37.795458], [144.952211, -37.795439], [144.952218, -37.795421], [144.952236, -37.795397]]]}, "properties": {"cluster_rank": 15, "precinct": "Parkville", "located_in": "Park", "tree_count": 24, "tree_type": "Wattle (Acacia)", "dominant_genus_share": 0.958, "replacement_cost_aud": 28000.0, "footprint_m2": 525.9, "avg_hvi_score": 1.0}}, {"type": "Feature", "geometry": {"type": "Polygon", "coordinates": [[[144.951366, -37.795378], [144.951368, -37.795372], [144.951432, -37.795218], [144.951444, -37.795201], [144.951465, -37.79519], [144.951489, -37.795187], [144.951513, -37.795192], [144.951704, -37.795275], [144.951812, -37.795322], [144.95183, -37.795334], [144.95184, -37.795351], [144.951868, -37.795445], [144.951869, -37.795459], [144.951864, -37.795474], [144.951853, -37.795486], [144.951833, -37.795503], [144.951819, -37.795511], [144.951802, -37.795516], [144.951725, -37.795527], [144.951575, -37.795548], [144.951551, -37.795547], [144.951388, -37.795515], [144.951369, -37.795508], [144.951354, -37.795496], [144.951346, -37.79548], [144.951346, -37.795463], [144.951366, -37.795378]]]}, "properties": {"cluster_rank": 16, "precinct": "Parkville", "located_in": "Park", "tree_count": 23, "tree_type": "Wattle (Acacia)", "dominant_genus_share": 0.739, "replacement_cost_aud": 35400.0, "footprint_m2": 1304.2, "avg_hvi_score": 1.0}}, {"type": "Feature", "geometry": {"type": "Polygon", "coordinates": [[[144.924095, -37.790649], [144.92411, -37.790639], [144.924128, -37.790634], [144.924166, -37.790628], [144.924188, -37.790628], [144.924208, -37.790635], [144.924224, -37.790647], [144.924262, -37.790692], [144.924264, -37.790696], [144.924267, -37.790698], [144.92441, -37.790867], [144.924413, -37.790871], [144.924482, -37.790972], [144.924489, -37.790987], [144.924488, -37.791002], [144.924481, -37.791029], [144.924469, -37.791049], [144.924447, -37.791062], [144.924267, -37.791122], [144.924247, -37.791126], [144.924226, -37.791123], [144.924207, -37.791114], [144.924195, -37.791101], [144.924109, -37.790967], [144.924103, -37.790949], [144.924105, -37.790942], [144.924101, -37.79094], [144.924081, -37.790922], [144.923994, -37.790785], [144.923988, -37.790768], [144.92399, -37.790751], [144.924001, -37.790736], [144.924095, -37.790649]]]}, "properties": {"cluster_rank": 17, "precinct": "Kensington", "located_in": "Park", "tree_count": 23, "tree_type": "Wattle (Acacia)", "dominant_genus_share": 0.304, "replacement_cost_aud": 24000.0, "footprint_m2": 1414.5, "avg_hvi_score": 1.0}}, {"type": "Feature", "geometry": {"type": "Polygon", "coordinates": [[[144.943654, -37.818805], [144.943655, -37.818805], [144.943819, -37.81874], [144.94382, -37.81874], [144.943985, -37.818678], [144.944005, -37.818674], [144.944025, -37.818676], [144.94418, -37.818712], [144.9442, -37.818721], [144.944214, -37.818735], [144.944221, -37.818752], [144.944217, -37.81877], [144.944206, -37.818786], [144.944187, -37.818796], [144.944086, -37.818832], [144.944072, -37.818834], [144.944061, -37.818841], [144.943565, -37.819016], [144.943544, -37.819019], [144.943523, -37.819017], [144.943505, -37.819009], [144.943492, -37.818996], [144.943485, -37.81898], [144.943486, -37.818964], [144.943513, -37.818878], [144.943524, -37.81886], [144.943543, -37.818848], [144.943654, -37.818805]]]}, "properties": {"cluster_rank": 18, "precinct": "Docklands", "located_in": "Park", "tree_count": 19, "tree_type": "Peppercorn (Schinus)", "dominant_genus_share": 0.947, "replacement_cost_aud": 22800.0, "footprint_m2": 1154.1, "avg_hvi_score": 1.0}}, {"type": "Feature", "geometry": {"type": "Polygon", "coordinates": [[[144.945672, -37.788559], [144.945675, -37.788542], [144.945685, -37.788528], [144.945702, -37.788517], [144.945722, -37.788512], [144.945743, -37.788513], [144.94605, -37.788579], [144.946062, -37.788583], [144.946214, -37.788647], [144.946237, -37.788664], [144.946345, -37.788816], [144.946351, -37.788833], [144.94635, -37.78885], [144.94634, -37.788866], [144.946323, -37.788877], [144.946058, -37.788996], [144.946037, -37.789001], [144.946015, -37.789], [144.945995, -37.788992], [144.945918, -37.788943], [144.945905, -37.788932], [144.945898, -37.788917], [144.945897, -37.788901], [144.945904, -37.788886], [144.945909, -37.788878], [144.945904, -37.788876], [144.945886, -37.788862], [144.945881, -37.788859], [144.945851, -37.78887], [144.945831, -37.788874], [144.94581, -37.788872], [144.945792, -37.788864], [144.945707, -37.788811], [144.945692, -37.788796], [144.945686, -37.788778], [144.945672, -37.788559]]]}, "properties": {"cluster_rank": 19, "precinct": "Parkville", "located_in": "Park", "tree_count": 19, "tree_type": "Gum tree (Eucalyptus)", "dominant_genus_share": 1.0, "replacement_cost_aud": 22800.0, "footprint_m2": 2080.0, "avg_hvi_score": 1.0}}, {"type": "Feature", "geometry": {"type": "Polygon", "coordinates": [[[144.957716, -37.779687], [144.957721, -37.779685], [144.957996, -37.779609], [144.958002, -37.779607], [144.958027, -37.779603], [144.95805, -37.779602], [144.958085, -37.779608], [144.958103, -37.779613], [144.958118, -37.779623], [144.958127, -37.779636], [144.958135, -37.779652], [144.958137, -37.779657], [144.958156, -37.779717], [144.958157, -37.779737], [144.958146, -37.779755], [144.958127, -37.779768], [144.95804, -37.779803], [144.958021, -37.779807], [144.958, -37.779806], [144.957986, -37.779801], [144.957983, -37.779812], [144.957973, -37.779826], [144.957956, -37.779837], [144.957914, -37.779854], [144.95789, -37.779858], [144.957866, -37.779855], [144.957818, -37.779839], [144.957813, -37.779837], [144.957771, -37.779818], [144.957757, -37.779808], [144.957739, -37.779804], [144.957681, -37.779778], [144.957665, -37.779768], [144.957655, -37.779753], [144.957652, -37.779737], [144.957657, -37.779721], [144.957668, -37.779707], [144.957685, -37.779698], [144.957716, -37.779687]]]}, "properties": {"cluster_rank": 20, "precinct": "Parkville", "located_in": "Park", "tree_count": 19, "tree_type": "Bottlebrush (Callistemon)", "dominant_genus_share": 0.684, "replacement_cost_aud": 12400.0, "footprint_m2": 813.4, "avg_hvi_score": 1.0}}, {"type": "Feature", "geometry": {"type": "Polygon", "coordinates": [[[144.926384, -37.796705], [144.926368, -37.796694], [144.926358, -37.796676], [144.926341, -37.796615], [144.92634, -37.796597], [144.926348, -37.796581], [144.926364, -37.796568], [144.926452, -37.79652], [144.926473, -37.796513], [144.926497, -37.796513], [144.926518, -37.796521], [144.926566, -37.79655], [144.926574, -37.796555], [144.926725, -37.796686], [144.926735, -37.796699], [144.92674, -37.796713], [144.926747, -37.796797], [144.926746, -37.796804], [144.926728, -37.796972], [144.926728, -37.796973], [144.926724, -37.797001], [144.926715, -37.79702], [144.926698, -37.797034], [144.926674, -37.797041], [144.926591, -37.797049], [144.926567, -37.797048], [144.92655, -37.797044], [144.926535, -37.797038], [144.926522, -37.797028], [144.926437, -37.796942], [144.926426, -37.796924], [144.926398, -37.796822], [144.926397, -37.796807], [144.926403, -37.796792], [144.926415, -37.79678], [144.926431, -37.796771], [144.926454, -37.796763], [144.92645, -37.796762], [144.926415, -37.796743], [144.926396, -37.796726], [144.926384, -37.796705]]]}, "properties": {"cluster_rank": 21, "precinct": "Kensington", "located_in": "Park", "tree_count": 18, "tree_type": "Wattle (Acacia)", "dominant_genus_share": 0.667, "replacement_cost_aud": 43000.0, "footprint_m2": 1487.4, "avg_hvi_score": 3.0}}, {"type": "Feature", "geometry": {"type": "Polygon", "coordinates": [[[144.946169, -37.783189], [144.946187, -37.783159], [144.946193, -37.783151], [144.946236, -37.783105], [144.946286, -37.783053], [144.946334, -37.783002], [144.946336, -37.783001], [144.946384, -37.782955], [144.946407, -37.782941], [144.946439, -37.782932], [144.946459, -37.782929], [144.94648, -37.782932], [144.946498, -37.782941], [144.946511, -37.782954], [144.946516, -37.78297], [144.946518, -37.782997], [144.946516, -37.783012], [144.946508, -37.783026], [144.94637, -37.78318], [144.946363, -37.783186], [144.946233, -37.783286], [144.946214, -37.783296], [144.946192, -37.783299], [144.946171, -37.783295], [144.946152, -37.783284], [144.946141, -37.783269], [144.946137, -37.783252], [144.946142, -37.783234], [144.946169, -37.783189]]]}, "properties": {"cluster_rank": 22, "precinct": "Parkville", "located_in": "Park", "tree_count": 18, "tree_type": "Wattle (Acacia)", "dominant_genus_share": 0.389, "replacement_cost_aud": 16000.0, "footprint_m2": 602.6, "avg_hvi_score": 2.0}}, {"type": "Feature", "geometry": {"type": "Polygon", "coordinates": [[[144.953997, -37.785509], [144.954002, -37.785492], [144.954015, -37.785478], [144.95423, -37.785319], [144.95435, -37.78523], [144.954359, -37.785225], [144.954535, -37.785141], [144.954549, -37.785136], [144.954683, -37.785106], [144.954705, -37.785104], [144.954725, -37.78511], [144.954742, -37.78512], [144.954753, -37.785135], [144.954755, -37.785152], [144.95475, -37.785169], [144.954737, -37.785183], [144.954484, -37.785366], [144.954384, -37.785438], [144.954238, -37.785543], [144.95418, -37.785586], [144.954086, -37.785654], [144.954067, -37.785663], [144.954045, -37.785665], [144.954024, -37.785661], [144.954006, -37.785651], [144.953995, -37.785636], [144.953991, -37.785618], [144.953997, -37.785509]]]}, "properties": {"cluster_rank": 23, "precinct": "Parkville", "located_in": "Park", "tree_count": 17, "tree_type": "Gum tree (Eucalyptus)", "dominant_genus_share": 0.882, "replacement_cost_aud": 23600.0, "footprint_m2": 1432.1, "avg_hvi_score": 1.0}}, {"type": "Feature", "geometry": {"type": "Polygon", "coordinates": [[[144.943618, -37.785612], [144.943671, -37.785449], [144.943684, -37.785408], [144.943702, -37.785353], [144.943712, -37.785337], [144.943729, -37.785325], [144.943751, -37.785319], [144.943861, -37.78531], [144.943881, -37.785311], [144.943948, -37.785324], [144.944063, -37.785347], [144.944084, -37.785355], [144.9441, -37.785369], [144.944106, -37.785387], [144.944102, -37.785406], [144.94409, -37.785422], [144.944004, -37.78549], [144.943865, -37.785602], [144.943855, -37.785608], [144.943694, -37.785692], [144.943673, -37.785698], [144.94365, -37.785698], [144.94363, -37.78569], [144.943614, -37.785677], [144.943607, -37.78566], [144.943608, -37.785643], [144.943618, -37.785612]]]}, "properties": {"cluster_rank": 24, "precinct": "Parkville", "located_in": "Park", "tree_count": 16, "tree_type": "Wattle (Acacia)", "dominant_genus_share": 0.875, "replacement_cost_aud": 25400.0, "footprint_m2": 1103.8, "avg_hvi_score": 2.0}}, {"type": "Feature", "geometry": {"type": "Polygon", "coordinates": [[[144.957987, -37.779129], [144.957971, -37.779141], [144.957952, -37.779147], [144.95793, -37.779148], [144.95791, -37.779141], [144.957895, -37.77913], [144.957885, -37.779115], [144.957884, -37.779098], [144.957891, -37.779081], [144.957957, -37.778986], [144.957997, -37.778928], [144.958007, -37.778914], [144.958008, -37.778914], [144.958016, -37.778902], [144.958036, -37.778874], [144.95805, -37.778862], [144.958069, -37.778854], [144.95809, -37.778852], [144.95811, -37.778856], [144.958127, -37.778866], [144.958139, -37.778881], [144.958142, -37.778897], [144.958138, -37.778914], [144.958135, -37.77892], [144.958132, -37.778925], [144.958112, -37.778954], [144.958083, -37.778996], [144.958054, -37.779037], [144.958022, -37.779085], [144.958021, -37.779086], [144.958007, -37.779105], [144.958005, -37.779108], [144.957997, -37.779117], [144.957996, -37.779119], [144.957995, -37.77912], [144.957987, -37.779129]]]}, "properties": {"cluster_rank": 25, "precinct": "Parkville", "located_in": "Park", "tree_count": 16, "tree_type": "Syzygium", "dominant_genus_share": 1.0, "replacement_cost_aud": 19200.0, "footprint_m2": 344.9, "avg_hvi_score": 1.0}}, {"type": "Feature", "geometry": {"type": "Polygon", "coordinates": [[[144.986524, -37.822862], [144.986505, -37.822854], [144.986491, -37.822841], [144.986485, -37.822824], [144.986487, -37.822807], [144.986496, -37.822792], [144.986512, -37.82278], [144.986533, -37.822775], [144.986554, -37.822776], [144.986785, -37.822819], [144.986825, -37.822827], [144.98683, -37.822828], [144.986948, -37.822861], [144.987141, -37.822914], [144.987306, -37.82296], [144.98738, -37.82298], [144.987399, -37.822989], [144.987412, -37.823003], [144.987418, -37.823019], [144.987416, -37.823036], [144.987405, -37.823052], [144.987388, -37.823063], [144.987367, -37.823068], [144.987346, -37.823066], [144.98727, -37.823049], [144.987217, -37.823037], [144.987217, -37.823036], [144.987114, -37.823011], [144.986916, -37.822963], [144.986916, -37.822963], [144.986879, -37.822953], [144.986749, -37.82292], [144.986524, -37.822862]]]}, "properties": {"cluster_rank": 26, "precinct": "Melbourne", "located_in": "Street", "tree_count": 16, "tree_type": "Bottlebrush (Callistemon)", "dominant_genus_share": 0.813, "replacement_cost_aud": 15200.0, "footprint_m2": 912.9, "avg_hvi_score": 1.0}}, {"type": "Feature", "geometry": {"type": "Polygon", "coordinates": [[[144.914678, -37.794558], [144.914673, -37.794557], [144.914654, -37.794544], [144.914644, -37.794527], [144.914623, -37.794449], [144.914622, -37.794431], [144.91463, -37.794415], [144.914645, -37.794403], [144.914772, -37.79433], [144.914772, -37.794329], [144.914907, -37.794253], [144.914929, -37.794246], [144.914954, -37.794246], [144.914975, -37.794255], [144.915048, -37.794301], [144.91506, -37.794312], [144.915067, -37.794326], [144.915068, -37.794341], [144.915027, -37.794633], [144.91502, -37.79465], [144.914968, -37.794721], [144.914954, -37.794734], [144.914935, -37.794742], [144.914914, -37.794744], [144.914742, -37.794733], [144.914718, -37.794728], [144.9147, -37.794715], [144.91469, -37.794698], [144.914664, -37.794601], [144.914663, -37.794587], [144.914667, -37.794574], [144.914672, -37.794564], [144.914678, -37.794558]]]}, "properties": {"cluster_rank": 27, "precinct": "Kensington", "located_in": "Park", "tree_count": 15, "tree_type": "Gum tree (Eucalyptus)", "dominant_genus_share": 0.333, "replacement_cost_aud": 17200.0, "footprint_m2": 1603.3, "avg_hvi_score": 1.0}}, {"type": "Feature", "geometry": {"type": "Polygon", "coordinates": [[[144.952172, -37.787944], [144.952167, -37.787926], [144.952172, -37.787908], [144.952185, -37.787893], [144.952205, -37.787884], [144.952227, -37.787881], [144.952494, -37.787894], [144.952497, -37.787895], [144.952889, -37.787932], [144.952912, -37.787938], [144.952929, -37.78795], [144.952939, -37.787968], [144.952938, -37.787987], [144.952928, -37.788004], [144.952757, -37.788182], [144.952743, -37.788193], [144.952725, -37.788199], [144.952706, -37.7882], [144.952561, -37.78819], [144.952538, -37.788184], [144.952526, -37.788175], [144.952515, -37.788181], [144.952488, -37.788185], [144.952326, -37.788173], [144.952306, -37.788169], [144.95229, -37.788159], [144.952278, -37.788146], [144.952172, -37.787944]]]}, "properties": {"cluster_rank": 28, "precinct": "Parkville", "located_in": "Park", "tree_count": 15, "tree_type": "Gum tree (Eucalyptus)", "dominant_genus_share": 1.0, "replacement_cost_aud": 12000.0, "footprint_m2": 1783.1, "avg_hvi_score": 1.0}}, {"type": "Feature", "geometry": {"type": "Polygon", "coordinates": [[[144.946064, -37.786065], [144.946075, -37.786054], [144.94609, -37.786046], [144.946195, -37.786009], [144.946214, -37.786005], [144.946234, -37.786006], [144.946252, -37.786013], [144.946295, -37.786038], [144.946308, -37.786048], [144.946316, -37.78606], [144.946375, -37.786202], [144.946378, -37.78622], [144.946367, -37.786323], [144.946362, -37.786338], [144.94635, -37.786351], [144.946333, -37.78636], [144.946245, -37.78639], [144.946225, -37.786394], [144.946221, -37.786393], [144.946221, -37.786394], [144.9462, -37.786406], [144.946112, -37.786435], [144.946092, -37.786439], [144.946071, -37.786436], [144.945902, -37.78639], [144.945881, -37.786379], [144.945868, -37.786363], [144.945864, -37.786343], [144.945872, -37.786324], [144.946064, -37.786065]]]}, "properties": {"cluster_rank": 29, "precinct": "Parkville", "located_in": "Park", "tree_count": 15, "tree_type": "Wattle (Acacia)", "dominant_genus_share": 0.667, "replacement_cost_aud": 10000.0, "footprint_m2": 1461.7, "avg_hvi_score": 1.0}}, {"type": "Feature", "geometry": {"type": "Polygon", "coordinates": [[[144.924611, -37.789785], [144.924622, -37.78977], [144.924625, -37.789768], [144.924625, -37.789766], [144.924628, -37.789748], [144.924642, -37.789717], [144.924652, -37.789705], [144.924665, -37.789695], [144.92469, -37.789683], [144.924714, -37.789676], [144.924739, -37.789678], [144.924761, -37.789689], [144.924781, -37.789705], [144.924789, -37.789714], [144.924817, -37.78975], [144.924825, -37.789768], [144.924824, -37.789786], [144.924801, -37.789848], [144.9248, -37.78985], [144.9248, -37.789851], [144.924778, -37.789915], [144.924767, -37.789931], [144.92475, -37.789942], [144.924728, -37.789947], [144.924706, -37.789945], [144.924611, -37.789922], [144.924591, -37.789913], [144.924577, -37.789899], [144.924572, -37.789881], [144.924575, -37.789863], [144.924611, -37.789785]]]}, "properties": {"cluster_rank": 30, "precinct": "Kensington", "located_in": "Park", "tree_count": 14, "tree_type": "Bottlebrush (Callistemon)", "dominant_genus_share": 0.571, "replacement_cost_aud": 17200.0, "footprint_m2": 470.4, "avg_hvi_score": 1.0}}, {"type": "Feature", "geometry": {"type": "Polygon", "coordinates": [[[144.943978, -37.788858], [144.943978, -37.788857], [144.943969, -37.788848], [144.943959, -37.788826], [144.943933, -37.788632], [144.943935, -37.788615], [144.943944, -37.7886], [144.943961, -37.788589], [144.943981, -37.788583], [144.944002, -37.788584], [144.944163, -37.788613], [144.944187, -37.788622], [144.944202, -37.788638], [144.944257, -37.788733], [144.944259, -37.788736], [144.944331, -37.788893], [144.944333, -37.788897], [144.944373, -37.789026], [144.944374, -37.789035], [144.94438, -37.789144], [144.944376, -37.789162], [144.944363, -37.789178], [144.944343, -37.789188], [144.94432, -37.789191], [144.944054, -37.789179], [144.944035, -37.789175], [144.944018, -37.789166], [144.944006, -37.789154], [144.944001, -37.789138], [144.943967, -37.788888], [144.94397, -37.788869], [144.943978, -37.788858]]]}, "properties": {"cluster_rank": 31, "precinct": "Parkville", "located_in": "Park", "tree_count": 14, "tree_type": "Gum tree (Eucalyptus)", "dominant_genus_share": 1.0, "replacement_cost_aud": 16800.0, "footprint_m2": 1961.5, "avg_hvi_score": 1.0}}, {"type": "Feature", "geometry": {"type": "Polygon", "coordinates": [[[144.915516, -37.796268], [144.915511, -37.796252], [144.915514, -37.796235], [144.915525, -37.79622], [144.915541, -37.79621], [144.915562, -37.796205], [144.915583, -37.796206], [144.915616, -37.796214], [144.915709, -37.796234], [144.915735, -37.796247], [144.91591, -37.796394], [144.916013, -37.796481], [144.916156, -37.796602], [144.91617, -37.79662], [144.916171, -37.796641], [144.916157, -37.796696], [144.916148, -37.796713], [144.916132, -37.796725], [144.91611, -37.796732], [144.916087, -37.796731], [144.916067, -37.796723], [144.91586, -37.796595], [144.915798, -37.796557], [144.915789, -37.79655], [144.915748, -37.79651], [144.91554, -37.796307], [144.915532, -37.796297], [144.915516, -37.796268]]]}, "properties": {"cluster_rank": 32, "precinct": "Kensington", "located_in": "Park", "tree_count": 14, "tree_type": "Gum tree (Eucalyptus)", "dominant_genus_share": 0.571, "replacement_cost_aud": 15200.0, "footprint_m2": 1266.1, "avg_hvi_score": 1.93}}, {"type": "Feature", "geometry": {"type": "Polygon", "coordinates": [[[144.957159, -37.791746], [144.957158, -37.791745], [144.95714, -37.791737], [144.957127, -37.791724], [144.957073, -37.791647], [144.957066, -37.791628], [144.95707, -37.791609], [144.957083, -37.791593], [144.957104, -37.791583], [144.957266, -37.791536], [144.957284, -37.791534], [144.957302, -37.791536], [144.957319, -37.791542], [144.957412, -37.791597], [144.957417, -37.7916], [144.957443, -37.791619], [144.957454, -37.791632], [144.957506, -37.791716], [144.957511, -37.791733], [144.957508, -37.79175], [144.957498, -37.791765], [144.95748, -37.791776], [144.957399, -37.791809], [144.957397, -37.791809], [144.957396, -37.79181], [144.957281, -37.791857], [144.95726, -37.791862], [144.957238, -37.79186], [144.957219, -37.791852], [144.957205, -37.791838], [144.957164, -37.791778], [144.957157, -37.791763], [144.957158, -37.791747], [144.957159, -37.791746]]]}, "properties": {"cluster_rank": 33, "precinct": "Parkville", "located_in": "Park", "tree_count": 14, "tree_type": "Bottlebrush (Callistemon)", "dominant_genus_share": 0.571, "replacement_cost_aud": 10400.0, "footprint_m2": 921.8, "avg_hvi_score": 1.0}}, {"type": "Feature", "geometry": {"type": "Polygon", "coordinates": [[[144.957564, -37.791879], [144.957567, -37.791875], [144.957586, -37.791849], [144.957587, -37.791848], [144.957588, -37.791847], [144.95761, -37.791816], [144.957622, -37.791805], [144.957661, -37.791778], [144.95768, -37.79177], [144.957702, -37.791767], [144.957724, -37.791772], [144.957741, -37.791783], [144.957822, -37.791858], [144.957834, -37.791876], [144.95784, -37.791895], [144.957841, -37.791913], [144.957833, -37.79193], [144.957817, -37.791944], [144.957796, -37.791955], [144.957775, -37.791961], [144.957735, -37.791967], [144.957723, -37.791968], [144.957675, -37.791967], [144.957661, -37.791964], [144.957644, -37.791966], [144.957601, -37.791965], [144.95758, -37.791962], [144.957562, -37.791951], [144.95755, -37.791936], [144.957546, -37.791919], [144.957551, -37.791902], [144.957564, -37.791879]]]}, "properties": {"cluster_rank": 34, "precinct": "Parkville", "located_in": "Park", "tree_count": 14, "tree_type": "Bottlebrush (Callistemon)", "dominant_genus_share": 0.429, "replacement_cost_aud": 9800.0, "footprint_m2": 415.4, "avg_hvi_score": 1.0}}, {"type": "Feature", "geometry": {"type": "Polygon", "coordinates": [[[144.947271, -37.790085], [144.94726, -37.790099], [144.947241, -37.790109], [144.947196, -37.790124], [144.947173, -37.790127], [144.947151, -37.790124], [144.947133, -37.790113], [144.947079, -37.790068], [144.947067, -37.790053], [144.947063, -37.790036], [144.947068, -37.790019], [144.94708, -37.790005], [144.947099, -37.789995], [144.947273, -37.789938], [144.947274, -37.789938], [144.947374, -37.789906], [144.947385, -37.789904], [144.947419, -37.789899], [144.947444, -37.7899], [144.94751, -37.789914], [144.94753, -37.789922], [144.947545, -37.789936], [144.947552, -37.789953], [144.947549, -37.789971], [144.947538, -37.789987], [144.947505, -37.790017], [144.947484, -37.79003], [144.947437, -37.790045], [144.947417, -37.790048], [144.947397, -37.790046], [144.947384, -37.79004], [144.947382, -37.790042], [144.947361, -37.790054], [144.947353, -37.790057], [144.947351, -37.790059], [144.947327, -37.790072], [144.947325, -37.790073], [144.9473, -37.790082], [144.947274, -37.790085], [144.947271, -37.790085]]]}, "properties": {"cluster_rank": 35, "precinct": "Parkville", "located_in": "Park", "tree_count": 14, "tree_type": "Gum tree (Eucalyptus)", "dominant_genus_share": 1.0, "replacement_cost_aud": 5600.0, "footprint_m2": 620.2, "avg_hvi_score": 1.0}}, {"type": "Feature", "geometry": {"type": "Polygon", "coordinates": [[[144.954132, -37.793841], [144.954143, -37.793836], [144.954153, -37.793824], [144.954241, -37.79375], [144.954247, -37.793745], [144.954292, -37.793717], [144.954295, -37.793716], [144.954332, -37.793695], [144.954354, -37.793688], [144.954377, -37.793688], [144.954399, -37.793696], [144.954414, -37.79371], [144.954433, -37.793737], [144.95444, -37.793754], [144.954439, -37.793771], [144.954429, -37.793787], [144.954383, -37.793835], [144.95438, -37.793837], [144.954353, -37.793861], [144.954353, -37.793861], [144.954284, -37.793923], [144.954278, -37.793928], [144.954189, -37.793987], [144.954172, -37.793995], [144.954152, -37.793998], [144.954133, -37.793995], [144.954116, -37.793987], [144.954074, -37.793959], [144.95406, -37.793945], [144.954054, -37.793928], [144.954057, -37.79391], [144.954069, -37.793894], [144.954132, -37.793841]]]}, "properties": {"cluster_rank": 36, "precinct": "Parkville", "located_in": "Park", "tree_count": 13, "tree_type": "Gum tree (Eucalyptus)", "dominant_genus_share": 1.0, "replacement_cost_aud": 15600.0, "footprint_m2": 582.4, "avg_hvi_score": 1.0}}, {"type": "Feature", "geometry": {"type": "Polygon", "coordinates": [[[144.963934, -37.785033], [144.963935, -37.785015], [144.963945, -37.785], [144.963962, -37.784988], [144.963983, -37.784982], [144.964005, -37.784983], [144.964631, -37.785113], [144.964652, -37.785122], [144.964667, -37.785136], [144.96475, -37.785257], [144.964756, -37.785273], [144.964755, -37.785289], [144.964747, -37.785304], [144.964732, -37.785316], [144.964713, -37.785323], [144.964692, -37.785323], [144.964012, -37.78525], [144.963989, -37.785244], [144.963972, -37.78523], [144.963963, -37.785212], [144.963934, -37.785033]]]}, "properties": {"cluster_rank": 37, "precinct": "Carlton North", "located_in": "Park", "tree_count": 12, "tree_type": "Elm (Ulmus)", "dominant_genus_share": 1.0, "replacement_cost_aud": 36000.0, "footprint_m2": 1745.9, "avg_hvi_score": 1.08}}, {"type": "Feature", "geometry": {"type": "Polygon", "coordinates": [[[144.935992, -37.815538], [144.935985, -37.81554], [144.935945, -37.81555], [144.935921, -37.815552], [144.935899, -37.815546], [144.935881, -37.815533], [144.935872, -37.815515], [144.935873, -37.815496], [144.935883, -37.815479], [144.935944, -37.815418], [144.935962, -37.815406], [144.936131, -37.815336], [144.936132, -37.815336], [144.936316, -37.815262], [144.936343, -37.815258], [144.936369, -37.815263], [144.93643, -37.81529], [144.936446, -37.815301], [144.936456, -37.815315], [144.936459, -37.815331], [144.936455, -37.815347], [144.936443, -37.81536], [144.936427, -37.81537], [144.936363, -37.815395], [144.936346, -37.815398], [144.936329, -37.815408], [144.936116, -37.815491], [144.936115, -37.815491], [144.935992, -37.815538]]]}, "properties": {"cluster_rank": 38, "precinct": "Docklands", "located_in": "Street", "tree_count": 12, "tree_type": "Paperbark (Melaleuca)", "dominant_genus_share": 0.917, "replacement_cost_aud": 16200.0, "footprint_m2": 748.4, "avg_hvi_score": 3.0}}, {"type": "Feature", "geometry": {"type": "Polygon", "coordinates": [[[144.951764, -37.794655], [144.951753, -37.794641], [144.951748, -37.794624], [144.95175, -37.794525], [144.951754, -37.794508], [144.951767, -37.794493], [144.951785, -37.794483], [144.951807, -37.79448], [144.951828, -37.794484], [144.951847, -37.794493], [144.951965, -37.794588], [144.951977, -37.794601], [144.952049, -37.79473], [144.952053, -37.794745], [144.952076, -37.794943], [144.952073, -37.794961], [144.952061, -37.794977], [144.952042, -37.794988], [144.952019, -37.794992], [144.951996, -37.794988], [144.951977, -37.794977], [144.951761, -37.794784], [144.95175, -37.79477], [144.951747, -37.794754], [144.951748, -37.794685], [144.951753, -37.794666], [144.951764, -37.794655]]]}, "properties": {"cluster_rank": 39, "precinct": "Parkville", "located_in": "Park", "tree_count": 12, "tree_type": "Wattle (Acacia)", "dominant_genus_share": 0.583, "replacement_cost_aud": 11200.0, "footprint_m2": 1052.3, "avg_hvi_score": 1.0}}, {"type": "Feature", "geometry": {"type": "Polygon", "coordinates": [[[144.921813, -37.791942], [144.921812, -37.791942], [144.921789, -37.791924], [144.921788, -37.791924], [144.921757, -37.791899], [144.921744, -37.791883], [144.921741, -37.791865], [144.921747, -37.791846], [144.921763, -37.791832], [144.921785, -37.791824], [144.921796, -37.791822], [144.921798, -37.791821], [144.921884, -37.791809], [144.921905, -37.791809], [144.921925, -37.791816], [144.921939, -37.791826], [144.921949, -37.791825], [144.921956, -37.791818], [144.921962, -37.791813], [144.921966, -37.791809], [144.921982, -37.791798], [144.922001, -37.791792], [144.922142, -37.791772], [144.922162, -37.791772], [144.922182, -37.791778], [144.922197, -37.791789], [144.922206, -37.791804], [144.922208, -37.79182], [144.922203, -37.791836], [144.92219, -37.791849], [144.922073, -37.791935], [144.922069, -37.791938], [144.921988, -37.791988], [144.921971, -37.791995], [144.921951, -37.791998], [144.921932, -37.791995], [144.92186, -37.791973], [144.921842, -37.791964], [144.921813, -37.791942]]]}, "properties": {"cluster_rank": 40, "precinct": "Kensington", "located_in": "Street", "tree_count": 11, "tree_type": "Maple (Acer)", "dominant_genus_share": 0.545, "replacement_cost_aud": 12000.0, "footprint_m2": 630.8, "avg_hvi_score": 1.0}}, {"type": "Feature", "geometry": {"type": "Polygon", "coordinates": [[[144.921184, -37.791648], [144.921185, -37.791642], [144.921236, -37.791524], [144.92125, -37.791506], [144.921273, -37.791495], [144.921399, -37.791464], [144.92142, -37.791462], [144.921441, -37.791467], [144.921458, -37.791477], [144.921469, -37.791491], [144.921473, -37.791507], [144.921469, -37.791524], [144.921446, -37.791569], [144.921445, -37.791571], [144.92138, -37.791681], [144.921371, -37.791692], [144.921367, -37.791703], [144.921331, -37.791765], [144.921321, -37.791777], [144.921306, -37.791786], [144.921288, -37.79179], [144.921203, -37.7918], [144.92118, -37.791798], [144.92116, -37.79179], [144.921145, -37.791776], [144.921139, -37.791758], [144.921142, -37.79174], [144.92118, -37.791653], [144.921184, -37.791648]]]}, "properties": {"cluster_rank": 41, "precinct": "Kensington", "located_in": "Park", "tree_count": 11, "tree_type": "Syzygium", "dominant_genus_share": 0.455, "replacement_cost_aud": 9200.0, "footprint_m2": 659.7, "avg_hvi_score": 1.82}}, {"type": "Feature", "geometry": {"type": "Polygon", "coordinates": [[[144.954115, -37.781531], [144.954127, -37.781513], [144.954148, -37.781501], [144.954274, -37.78146], [144.954293, -37.781456], [144.95439, -37.781454], [144.954412, -37.781457], [144.954432, -37.781467], [144.954444, -37.781482], [144.954509, -37.781609], [144.954513, -37.781626], [144.954509, -37.781643], [144.954497, -37.781658], [144.954479, -37.781668], [144.954361, -37.781708], [144.954335, -37.781712], [144.954309, -37.781706], [144.954127, -37.781621], [144.95411, -37.781607], [144.9541, -37.78159], [144.954101, -37.78157], [144.954115, -37.781531]]]}, "properties": {"cluster_rank": 42, "precinct": "Parkville", "located_in": "Park", "tree_count": 11, "tree_type": "Wattle (Acacia)", "dominant_genus_share": 0.636, "replacement_cost_aud": 7600.0, "footprint_m2": 743.4, "avg_hvi_score": 1.0}}, {"type": "Feature", "geometry": {"type": "Polygon", "coordinates": [[[144.964948, -37.785351], [144.964945, -37.785351], [144.96483, -37.785336], [144.964811, -37.785331], [144.964795, -37.78532], [144.964785, -37.785306], [144.964737, -37.78519], [144.964735, -37.785171], [144.964742, -37.785153], [144.964758, -37.785139], [144.96478, -37.785132], [144.96505, -37.785086], [144.96507, -37.785086], [144.965234, -37.785107], [144.965257, -37.785115], [144.965274, -37.785129], [144.965281, -37.785148], [144.965301, -37.785328], [144.965298, -37.785347], [144.965284, -37.785364], [144.965263, -37.785374], [144.965239, -37.785376], [144.965084, -37.785364], [144.965083, -37.785364], [144.964948, -37.785351]]]}, "properties": {"cluster_rank": 43, "precinct": "Carlton North", "located_in": "Park", "tree_count": 10, "tree_type": "Elm (Ulmus)", "dominant_genus_share": 1.0, "replacement_cost_aud": 30000.0, "footprint_m2": 1294.3, "avg_hvi_score": 1.2}}, {"type": "Feature", "geometry": {"type": "Polygon", "coordinates": [[[144.925771, -37.796107], [144.925794, -37.7961], [144.925818, -37.796101], [144.925927, -37.796124], [144.925947, -37.796131], [144.925961, -37.796144], [144.926117, -37.796345], [144.926124, -37.796359], [144.926125, -37.796375], [144.926119, -37.79639], [144.926106, -37.796402], [144.92604, -37.796449], [144.926019, -37.796458], [144.925996, -37.79646], [144.925973, -37.796454], [144.925604, -37.796278], [144.925588, -37.796266], [144.925578, -37.79625], [144.925577, -37.796232], [144.925585, -37.796215], [144.925601, -37.796202], [144.925771, -37.796107]]]}, "properties": {"cluster_rank": 44, "precinct": "Kensington", "located_in": "Park", "tree_count": 10, "tree_type": "Wattle (Acacia)", "dominant_genus_share": 0.3, "replacement_cost_aud": 16000.0, "footprint_m2": 1117.1, "avg_hvi_score": 1.0}}, {"type": "Feature", "geometry": {"type": "Polygon", "coordinates": [[[144.953024, -37.794592], [144.95303, -37.794578], [144.95304, -37.794566], [144.953121, -37.7945], [144.95314, -37.79449], [144.953162, -37.794487], [144.953184, -37.794491], [144.953203, -37.794501], [144.953215, -37.794516], [144.953264, -37.79462], [144.953268, -37.794639], [144.953263, -37.794688], [144.953259, -37.794702], [144.953249, -37.794714], [144.953099, -37.79485], [144.953082, -37.794861], [144.95306, -37.794865], [144.953038, -37.794863], [144.953019, -37.794854], [144.953006, -37.79484], [144.953, -37.794823], [144.952996, -37.794768], [144.952996, -37.794759], [144.953024, -37.794592]]]}, "properties": {"cluster_rank": 45, "precinct": "Parkville", "located_in": "Park", "tree_count": 10, "tree_type": "Gum tree (Eucalyptus)", "dominant_genus_share": 1.0, "replacement_cost_aud": 12000.0, "footprint_m2": 688.2, "avg_hvi_score": 1.0}}, {"type": "Feature", "geometry": {"type": "Polygon", "coordinates": [[[144.959764, -37.784452], [144.959778, -37.784438], [144.959796, -37.78443], [144.959817, -37.784428], [144.95988, -37.78443], [144.959884, -37.78443], [144.959941, -37.784435], [144.959945, -37.784436], [144.959964, -37.784439], [144.959986, -37.784446], [144.960003, -37.784461], [144.96001, -37.78448], [144.960022, -37.784612], [144.960019, -37.78463], [144.960007, -37.784646], [144.959989, -37.784657], [144.959966, -37.784661], [144.959944, -37.784657], [144.95982, -37.784618], [144.959815, -37.784615], [144.95981, -37.784615], [144.959743, -37.784593], [144.959723, -37.784582], [144.959711, -37.784567], [144.959707, -37.784548], [144.959713, -37.78453], [144.959764, -37.784452]]]}, "properties": {"cluster_rank": 46, "precinct": "Carlton North", "located_in": "Park", "tree_count": 10, "tree_type": "Betula", "dominant_genus_share": 0.8, "replacement_cost_aud": 12000.0, "footprint_m2": 540.5, "avg_hvi_score": 1.0}}, {"type": "Feature", "geometry": {"type": "Polygon", "coordinates": [[[144.978214, -37.83795], [144.978236, -37.837957], [144.978252, -37.83797], [144.978299, -37.838029], [144.978307, -37.838044], [144.978368, -37.838282], [144.978368, -37.838298], [144.978361, -37.838313], [144.978308, -37.838388], [144.978295, -37.838401], [144.978276, -37.838409], [144.978255, -37.838411], [144.978234, -37.838407], [144.978217, -37.838397], [144.978206, -37.838383], [144.97801, -37.83799], [144.978006, -37.837971], [144.978012, -37.837952], [144.978028, -37.837938], [144.978049, -37.837929], [144.978074, -37.837929], [144.978214, -37.83795]]]}, "properties": {"cluster_rank": 47, "precinct": "South Yarra", "located_in": "Park", "tree_count": 9, "tree_type": "Elm (Ulmus)", "dominant_genus_share": 1.0, "replacement_cost_aud": 23400.0, "footprint_m2": 1000.4, "avg_hvi_score": 1.0}}, {"type": "Feature", "geometry": {"type": "Polygon", "coordinates": [[[144.955712, -37.784636], [144.955732, -37.784622], [144.955758, -37.784617], [144.955912, -37.784615], [144.955932, -37.784618], [144.95595, -37.784627], [144.955963, -37.784639], [144.955969, -37.784655], [144.955972, -37.784674], [144.955972, -37.784677], [144.955989, -37.784911], [144.955985, -37.784929], [144.955973, -37.784945], [144.955954, -37.784955], [144.955931, -37.784958], [144.955908, -37.784954], [144.955609, -37.784845], [144.95559, -37.784833], [144.955578, -37.784816], [144.955577, -37.784796], [144.955587, -37.784778], [144.955712, -37.784636]]]}, "properties": {"cluster_rank": 48, "precinct": "Parkville", "located_in": "Park", "tree_count": 9, "tree_type": "Gum tree (Eucalyptus)", "dominant_genus_share": 0.778, "replacement_cost_aud": 14800.0, "footprint_m2": 993.5, "avg_hvi_score": 1.0}}, {"type": "Feature", "geometry": {"type": "Polygon", "coordinates": [[[144.947138, -37.782466], [144.947156, -37.782456], [144.947178, -37.782452], [144.947199, -37.782455], [144.947218, -37.782465], [144.94723, -37.782479], [144.947235, -37.782496], [144.947232, -37.782513], [144.947182, -37.78262], [144.947164, -37.782639], [144.947026, -37.782726], [144.94702, -37.782729], [144.946923, -37.782774], [144.946902, -37.78278], [144.946879, -37.782779], [144.946858, -37.78277], [144.946844, -37.782756], [144.946838, -37.782738], [144.946841, -37.78272], [144.946853, -37.782705], [144.947088, -37.782507], [144.947089, -37.782506], [144.947138, -37.782466]]]}, "properties": {"cluster_rank": 49, "precinct": "Parkville", "located_in": "Park", "tree_count": 9, "tree_type": "She-oak (Allocasuarina)", "dominant_genus_share": 1.0, "replacement_cost_aud": 13600.0, "footprint_m2": 549.8, "avg_hvi_score": 2.0}}, {"type": "Feature", "geometry": {"type": "Polygon", "coordinates": [[[144.943331, -37.820505], [144.943337, -37.820489], [144.943351, -37.820476], [144.943401, -37.820444], [144.943403, -37.820443], [144.943404, -37.820442], [144.94346, -37.820406], [144.943465, -37.820403], [144.943502, -37.820384], [144.943524, -37.820378], [144.943548, -37.820379], [144.943569, -37.820388], [144.943584, -37.820403], [144.943589, -37.820421], [144.943592, -37.820541], [144.943587, -37.820559], [144.943573, -37.820575], [144.943553, -37.820584], [144.943489, -37.820601], [144.943486, -37.820601], [144.943484, -37.820602], [144.943411, -37.820621], [144.943387, -37.820623], [144.943364, -37.820617], [144.943347, -37.820604], [144.943332, -37.820587], [144.943323, -37.820572], [144.943322, -37.820555], [144.943331, -37.820505]]]}, "properties": {"cluster_rank": 50, "precinct": "Docklands", "located_in": "Park", "tree_count": 9, "tree_type": "Morus", "dominant_genus_share": 0.444, "replacement_cost_aud": 10800.0, "footprint_m2": 469.2, "avg_hvi_score": 1.0}}, {"type": "Feature", "geometry": {"type": "Polygon", "coordinates": [[[144.953021, -37.787993], [144.953033, -37.787983], [144.953047, -37.787977], [144.953091, -37.787963], [144.953106, -37.787961], [144.953174, -37.787955], [144.953201, -37.787958], [144.953223, -37.78797], [144.95333, -37.788068], [144.953341, -37.788082], [144.953344, -37.788099], [144.95334, -37.788115], [144.953328, -37.788129], [144.95331, -37.788139], [144.953162, -37.78819], [144.953161, -37.78819], [144.953014, -37.788239], [144.952993, -37.788242], [144.952973, -37.788239], [144.952954, -37.78823], [144.952942, -37.788217], [144.952936, -37.788201], [144.952927, -37.788116], [144.952929, -37.788101], [144.952937, -37.788087], [144.953021, -37.787993]]]}, "properties": {"cluster_rank": 51, "precinct": "Parkville", "located_in": "Park", "tree_count": 9, "tree_type": "Gum tree (Eucalyptus)", "dominant_genus_share": 1.0, "replacement_cost_aud": 9600.0, "footprint_m2": 779.9, "avg_hvi_score": 1.0}}, {"type": "Feature", "geometry": {"type": "Polygon", "coordinates": [[[144.94662, -37.822195], [144.946609, -37.822183], [144.946604, -37.822169], [144.946593, -37.822097], [144.946594, -37.822081], [144.946602, -37.822067], [144.946615, -37.822056], [144.946633, -37.822049], [144.946668, -37.82204], [144.946688, -37.822038], [144.946747, -37.822041], [144.946773, -37.822048], [144.946792, -37.822064], [144.946827, -37.82211], [144.946829, -37.822116], [144.946833, -37.82212], [144.946879, -37.822181], [144.946886, -37.822197], [144.946885, -37.822213], [144.946877, -37.822229], [144.946862, -37.822241], [144.946843, -37.822247], [144.946822, -37.822248], [144.946684, -37.822234], [144.946666, -37.822229], [144.946651, -37.822221], [144.94662, -37.822195]]]}, "properties": {"cluster_rank": 52, "precinct": "Docklands", "located_in": "Park", "tree_count": 9, "tree_type": "Willow myrtle (Agonis)", "dominant_genus_share": 0.556, "replacement_cost_aud": 9200.0, "footprint_m2": 447.3, "avg_hvi_score": 1.0}}, {"type": "Feature", "geometry": {"type": "Polygon", "coordinates": [[[144.915833, -37.795786], [144.915832, -37.795782], [144.91585, -37.795625], [144.915855, -37.79561], [144.915866, -37.795597], [144.915883, -37.795588], [144.915903, -37.795584], [144.915922, -37.795586], [144.91607, -37.795622], [144.916087, -37.795628], [144.916217, -37.795701], [144.916233, -37.795716], [144.91624, -37.795735], [144.916237, -37.795754], [144.916223, -37.79577], [144.915976, -37.795958], [144.915956, -37.795968], [144.915891, -37.795987], [144.915868, -37.79599], [144.915847, -37.795985], [144.915829, -37.795974], [144.915817, -37.795959], [144.915815, -37.795941], [144.915831, -37.795792], [144.915833, -37.795786]]]}, "properties": {"cluster_rank": 53, "precinct": "Kensington", "located_in": "Park", "tree_count": 9, "tree_type": "She-oak (Allocasuarina)", "dominant_genus_share": 0.444, "replacement_cost_aud": 9200.0, "footprint_m2": 1085.9, "avg_hvi_score": 1.0}}, {"type": "Feature", "geometry": {"type": "Polygon", "coordinates": [[[144.916466, -37.797021], [144.916471, -37.797004], [144.916484, -37.79699], [144.916502, -37.79698], [144.916524, -37.796977], [144.916546, -37.796981], [144.916564, -37.796991], [144.916641, -37.797054], [144.916641, -37.797055], [144.916656, -37.797068], [144.916663, -37.797074], [144.916708, -37.797132], [144.916711, -37.797136], [144.916725, -37.797158], [144.916731, -37.797175], [144.916729, -37.797192], [144.916718, -37.797207], [144.916701, -37.797218], [144.916606, -37.797258], [144.916582, -37.797263], [144.916558, -37.79726], [144.916498, -37.79724], [144.916479, -37.79723], [144.916467, -37.797216], [144.916463, -37.797198], [144.916466, -37.797021]]]}, "properties": {"cluster_rank": 54, "precinct": "Kensington", "located_in": "Park", "tree_count": 9, "tree_type": "Gum tree (Eucalyptus)", "dominant_genus_share": 0.333, "replacement_cost_aud": 7600.0, "footprint_m2": 529.1, "avg_hvi_score": 2.0}}, {"type": "Feature", "geometry": {"type": "Polygon", "coordinates": [[[144.978636, -37.837785], [144.978638, -37.837783], [144.978701, -37.837719], [144.978717, -37.837707], [144.978738, -37.837702], [144.978759, -37.837702], [144.978779, -37.83771], [144.978794, -37.837722], [144.978802, -37.837738], [144.978829, -37.837857], [144.97883, -37.837872], [144.978824, -37.837886], [144.978785, -37.837948], [144.978782, -37.837952], [144.978726, -37.838024], [144.97872, -37.838031], [144.978635, -37.838105], [144.978617, -37.838115], [144.978596, -37.838119], [144.978575, -37.838117], [144.978556, -37.838108], [144.978542, -37.838095], [144.978536, -37.838078], [144.978521, -37.837937], [144.978522, -37.837922], [144.97853, -37.837908], [144.978636, -37.837785]]]}, "properties": {"cluster_rank": 55, "precinct": "South Yarra", "located_in": "Park", "tree_count": 8, "tree_type": "Elm (Ulmus)", "dominant_genus_share": 1.0, "replacement_cost_aud": 30000.0, "footprint_m2": 785.3, "avg_hvi_score": 1.0}}, {"type": "Feature", "geometry": {"type": "Polygon", "coordinates": [[[144.982184, -37.838813], [144.982184, -37.838813], [144.98214, -37.838722], [144.982136, -37.838706], [144.98214, -37.838689], [144.982152, -37.838675], [144.982233, -37.838607], [144.982251, -37.838597], [144.982272, -37.838593], [144.982294, -37.838596], [144.982313, -37.838605], [144.982326, -37.83862], [144.982367, -37.838693], [144.982368, -37.838695], [144.982445, -37.83885], [144.982449, -37.838866], [144.982446, -37.838882], [144.982436, -37.838896], [144.982354, -37.838971], [144.982336, -37.838983], [144.982314, -37.838987], [144.982291, -37.838984], [144.982271, -37.838974], [144.982258, -37.838959], [144.982223, -37.83889], [144.982223, -37.83889], [144.982184, -37.838813]]]}, "properties": {"cluster_rank": 56, "precinct": "South Yarra", "located_in": "Park", "tree_count": 8, "tree_type": "Elm (Ulmus)", "dominant_genus_share": 1.0, "replacement_cost_aud": 24000.0, "footprint_m2": 734.0, "avg_hvi_score": 1.0}}, {"type": "Feature", "geometry": {"type": "Polygon", "coordinates": [[[144.967961, -37.785464], [144.967974, -37.78546], [144.968212, -37.785408], [144.968233, -37.785406], [144.968254, -37.785411], [144.96827, -37.785422], [144.968281, -37.785436], [144.968314, -37.785511], [144.968317, -37.785527], [144.968313, -37.785543], [144.968302, -37.785556], [144.968286, -37.785566], [144.968059, -37.785659], [144.968038, -37.785664], [144.967965, -37.785669], [144.967951, -37.785668], [144.967768, -37.785643], [144.967746, -37.785636], [144.96773, -37.785623], [144.967722, -37.785606], [144.967722, -37.785588], [144.967732, -37.785572], [144.967749, -37.78556], [144.967961, -37.785464]]]}, "properties": {"cluster_rank": 57, "precinct": "Carlton North", "located_in": "Park", "tree_count": 8, "tree_type": "Elm (Ulmus)", "dominant_genus_share": 0.875, "replacement_cost_aud": 24000.0, "footprint_m2": 961.5, "avg_hvi_score": 1.13}}, {"type": "Feature", "geometry": {"type": "Polygon", "coordinates": [[[144.914394, -37.795203], [144.914381, -37.795186], [144.914377, -37.795167], [144.914385, -37.795148], [144.914401, -37.795134], [144.914664, -37.794985], [144.914683, -37.794978], [144.914703, -37.794976], [144.914799, -37.794984], [144.914818, -37.794989], [144.914834, -37.794998], [144.914845, -37.795011], [144.91485, -37.795027], [144.914856, -37.795118], [144.914854, -37.795132], [144.914847, -37.795145], [144.914707, -37.795316], [144.91469, -37.79533], [144.914667, -37.795337], [144.914642, -37.795335], [144.914541, -37.79531], [144.914519, -37.795299], [144.914394, -37.795203]]]}, "properties": {"cluster_rank": 58, "precinct": "Kensington", "located_in": "Park", "tree_count": 8, "tree_type": "Gum tree (Eucalyptus)", "dominant_genus_share": 0.75, "replacement_cost_aud": 13200.0, "footprint_m2": 1096.6, "avg_hvi_score": 1.0}}, {"type": "Feature", "geometry": {"type": "Polygon", "coordinates": [[[144.955083, -37.784854], [144.955094, -37.784841], [144.95511, -37.784833], [144.955128, -37.784829], [144.955368, -37.784813], [144.955389, -37.784814], [144.955408, -37.784822], [144.955422, -37.784835], [144.955429, -37.784851], [144.955429, -37.784852], [144.95543, -37.784864], [144.955403, -37.785048], [144.955395, -37.785066], [144.955377, -37.78508], [144.955354, -37.785087], [144.95533, -37.785085], [144.955052, -37.785017], [144.955031, -37.785007], [144.955017, -37.784991], [144.955012, -37.784972], [144.955018, -37.784953], [144.955083, -37.784854]]]}, "properties": {"cluster_rank": 59, "precinct": "Parkville", "located_in": "Park", "tree_count": 8, "tree_type": "Gum tree (Eucalyptus)", "dominant_genus_share": 0.625, "replacement_cost_aud": 12800.0, "footprint_m2": 848.1, "avg_hvi_score": 1.0}}, {"type": "Feature", "geometry": {"type": "Polygon", "coordinates": [[[144.947383, -37.782204], [144.947405, -37.782209], [144.947423, -37.78222], [144.947435, -37.782236], [144.947496, -37.782387], [144.947498, -37.782403], [144.947494, -37.782418], [144.947483, -37.782431], [144.947467, -37.782441], [144.947304, -37.782506], [144.947281, -37.78251], [144.947258, -37.782507], [144.947238, -37.782497], [144.947225, -37.782482], [144.947222, -37.782463], [144.947234, -37.782244], [144.94724, -37.782227], [144.947253, -37.782213], [144.947272, -37.782204], [144.947294, -37.782201], [144.947383, -37.782204]]]}, "properties": {"cluster_rank": 60, "precinct": "Parkville", "located_in": "Park", "tree_count": 8, "tree_type": "She-oak (Allocasuarina)", "dominant_genus_share": 0.5, "replacement_cost_aud": 10600.0, "footprint_m2": 642.4, "avg_hvi_score": 2.0}}, {"type": "Feature", "geometry": {"type": "Polygon", "coordinates": [[[144.953755, -37.793997], [144.953768, -37.793982], [144.953787, -37.793972], [144.95381, -37.793969], [144.953832, -37.793973], [144.953997, -37.794036], [144.954013, -37.794045], [144.954024, -37.794058], [144.954029, -37.794074], [144.954027, -37.79409], [144.95401, -37.794133], [144.954003, -37.794145], [144.953991, -37.794155], [144.953927, -37.794196], [144.95392, -37.7942], [144.953728, -37.794289], [144.953709, -37.794294], [144.953689, -37.794294], [144.95367, -37.794288], [144.953654, -37.794277], [144.953645, -37.794262], [144.953643, -37.794246], [144.953646, -37.794215], [144.95365, -37.794201], [144.953755, -37.793997]]]}, "properties": {"cluster_rank": 61, "precinct": "Parkville", "located_in": "Park", "tree_count": 8, "tree_type": "Gum tree (Eucalyptus)", "dominant_genus_share": 1.0, "replacement_cost_aud": 9600.0, "footprint_m2": 746.8, "avg_hvi_score": 1.0}}, {"type": "Feature", "geometry": {"type": "Polygon", "coordinates": [[[144.921386, -37.802379], [144.921399, -37.802381], [144.921435, -37.802392], [144.921454, -37.8024], [144.921475, -37.802415], [144.92148, -37.802419], [144.921528, -37.802462], [144.92154, -37.802478], [144.921542, -37.802497], [144.921535, -37.802514], [144.92152, -37.802528], [144.921498, -37.802536], [144.921475, -37.802536], [144.921453, -37.802529], [144.921326, -37.802459], [144.921311, -37.802447], [144.921303, -37.802431], [144.921303, -37.802414], [144.92131, -37.802398], [144.921325, -37.802386], [144.921344, -37.802378], [144.921365, -37.802377], [144.921386, -37.802379]]]}, "properties": {"cluster_rank": 62, "precinct": "West Melbourne", "located_in": "Park", "tree_count": 8, "tree_type": "She-oak (Casuarina)", "dominant_genus_share": 0.625, "replacement_cost_aud": 8000.0, "footprint_m2": 229.4, "avg_hvi_score": 1.0}}, {"type": "Feature", "geometry": {"type": "Polygon", "coordinates": [[[144.924314, -37.791171], [144.924464, -37.791149], [144.924487, -37.791149], [144.924507, -37.791156], [144.924523, -37.791169], [144.924531, -37.791186], [144.92453, -37.791204], [144.92452, -37.79122], [144.924504, -37.791232], [144.924172, -37.791391], [144.924151, -37.791397], [144.92413, -37.791397], [144.92411, -37.79139], [144.924095, -37.791378], [144.924087, -37.791362], [144.924086, -37.791345], [144.924094, -37.791329], [144.924194, -37.791203], [144.92421, -37.79119], [144.924232, -37.791183], [144.924314, -37.791171]]]}, "properties": {"cluster_rank": 63, "precinct": "Kensington", "located_in": "Park", "tree_count": 8, "tree_type": "Olea", "dominant_genus_share": 0.625, "replacement_cost_aud": 7200.0, "footprint_m2": 560.7, "avg_hvi_score": 1.0}}, {"type": "Feature", "geometry": {"type": "Polygon", "coordinates": [[[144.916548, -37.799062], [144.916555, -37.799051], [144.916577, -37.799029], [144.916581, -37.799025], [144.916688, -37.798935], [144.916707, -37.798924], [144.916729, -37.798921], [144.916752, -37.798925], [144.91677, -37.798935], [144.916782, -37.798951], [144.916786, -37.798969], [144.916779, -37.798987], [144.916741, -37.799045], [144.916737, -37.79905], [144.916594, -37.799215], [144.916578, -37.799228], [144.916556, -37.799234], [144.916533, -37.799233], [144.916512, -37.799225], [144.916497, -37.799211], [144.916491, -37.799193], [144.916494, -37.799175], [144.91651, -37.799139], [144.91651, -37.799138], [144.916548, -37.799062]]]}, "properties": {"cluster_rank": 64, "precinct": "West Melbourne", "located_in": "Street", "tree_count": 8, "tree_type": "Wattle (Acacia)", "dominant_genus_share": 0.75, "replacement_cost_aud": 7200.0, "footprint_m2": 429.1, "avg_hvi_score": 1.0}}, {"type": "Feature", "geometry": {"type": "Polygon", "coordinates": [[[144.946445, -37.821544], [144.946441, -37.821526], [144.946447, -37.821508], [144.946462, -37.821493], [144.946482, -37.821485], [144.946505, -37.821483], [144.946527, -37.821489], [144.94673, -37.821585], [144.946748, -37.821599], [144.946757, -37.821617], [144.946756, -37.821636], [144.946714, -37.821749], [144.946704, -37.821764], [144.946688, -37.821775], [144.946667, -37.821781], [144.946646, -37.82178], [144.946626, -37.821772], [144.946538, -37.821722], [144.946519, -37.821701], [144.946445, -37.821544]]]}, "properties": {"cluster_rank": 65, "precinct": "Docklands", "located_in": "Park", "tree_count": 8, "tree_type": "Banksia", "dominant_genus_share": 0.625, "replacement_cost_aud": 6400.0, "footprint_m2": 565.7, "avg_hvi_score": 1.0}}, {"type": "Feature", "geometry": {"type": "Polygon", "coordinates": [[[144.960118, -37.801333], [144.96012, -37.801328], [144.960148, -37.80125], [144.960158, -37.801235], [144.960174, -37.801224], [144.960194, -37.801218], [144.960215, -37.801219], [144.960234, -37.801225], [144.960249, -37.801237], [144.960327, -37.801325], [144.960336, -37.80134], [144.960337, -37.801357], [144.96031, -37.801532], [144.960303, -37.801549], [144.960289, -37.801563], [144.960268, -37.801571], [144.960246, -37.801571], [144.960129, -37.801558], [144.960108, -37.801552], [144.960092, -37.80154], [144.960082, -37.801523], [144.960082, -37.801506], [144.960118, -37.801333]]]}, "properties": {"cluster_rank": 66, "precinct": "Carlton", "located_in": "Park", "tree_count": 7, "tree_type": "Elm (Ulmus)", "dominant_genus_share": 1.0, "replacement_cost_aud": 42000.0, "footprint_m2": 664.2, "avg_hvi_score": 4.0}}, {"type": "Feature", "geometry": {"type": "Polygon", "coordinates": [[[144.953618, -37.794338], [144.953637, -37.794345], [144.953651, -37.794357], [144.953659, -37.794372], [144.95366, -37.794389], [144.953652, -37.794404], [144.953639, -37.794417], [144.953464, -37.794527], [144.953446, -37.794534], [144.953425, -37.794536], [144.953405, -37.794532], [144.953388, -37.794523], [144.953377, -37.794509], [144.953372, -37.794493], [144.953363, -37.794344], [144.953366, -37.794328], [144.953377, -37.794313], [144.953393, -37.794302], [144.953414, -37.794297], [144.953435, -37.794299], [144.953618, -37.794338]]]}, "properties": {"cluster_rank": 67, "precinct": "Parkville", "located_in": "Park", "tree_count": 7, "tree_type": "Gum tree (Eucalyptus)", "dominant_genus_share": 1.0, "replacement_cost_aud": 8400.0, "footprint_m2": 473.5, "avg_hvi_score": 1.0}}, {"type": "Feature", "geometry": {"type": "Polygon", "coordinates": [[[144.945516, -37.78761], [144.945515, -37.78761], [144.945463, -37.787575], [144.945449, -37.787562], [144.945442, -37.787546], [144.945444, -37.787529], [144.945453, -37.787514], [144.945469, -37.787502], [144.945489, -37.787496], [144.945624, -37.787478], [144.945643, -37.787478], [144.945808, -37.7875], [144.945826, -37.787505], [144.945841, -37.787514], [144.945851, -37.787527], [144.945903, -37.787622], [144.945907, -37.78764], [144.945902, -37.787658], [144.945889, -37.787673], [144.945869, -37.787682], [144.945846, -37.787684], [144.945629, -37.787671], [144.945599, -37.787661], [144.945516, -37.78761]]]}, "properties": {"cluster_rank": 68, "precinct": "Parkville", "located_in": "Park", "tree_count": 7, "tree_type": "Gum tree (Eucalyptus)", "dominant_genus_share": 1.0, "replacement_cost_aud": 8400.0, "footprint_m2": 689.7, "avg_hvi_score": 1.0}}, {"type": "Feature", "geometry": {"type": "Polygon", "coordinates": [[[144.921724, -37.79135], [144.921729, -37.791347], [144.921834, -37.791284], [144.921856, -37.791276], [144.92188, -37.791276], [144.921902, -37.791284], [144.921918, -37.791298], [144.921986, -37.791395], [144.921993, -37.791412], [144.92199, -37.79143], [144.92198, -37.791446], [144.921925, -37.791497], [144.921908, -37.791508], [144.921886, -37.791513], [144.921679, -37.791526], [144.921654, -37.791523], [144.921633, -37.791512], [144.921613, -37.791495], [144.921601, -37.79148], [144.921597, -37.791462], [144.921602, -37.791445], [144.921615, -37.791431], [144.921724, -37.79135]]]}, "properties": {"cluster_rank": 69, "precinct": "Kensington", "located_in": "Park", "tree_count": 7, "tree_type": "Ash (Fraxinus)", "dominant_genus_share": 0.286, "replacement_cost_aud": 7600.0, "footprint_m2": 637.7, "avg_hvi_score": 1.0}}, {"type": "Feature", "geometry": {"type": "Polygon", "coordinates": [[[144.950836, -37.789767], [144.950822, -37.789747], [144.950783, -37.789627], [144.950782, -37.789609], [144.950789, -37.789593], [144.950803, -37.78958], [144.950823, -37.789572], [144.950888, -37.789558], [144.950909, -37.789556], [144.950929, -37.78956], [144.950946, -37.78957], [144.950957, -37.789584], [144.951054, -37.789777], [144.951055, -37.789778], [144.951078, -37.789828], [144.951081, -37.789844], [144.951077, -37.789861], [144.951066, -37.789874], [144.951049, -37.789884], [144.951029, -37.789889], [144.951008, -37.789887], [144.95099, -37.78988], [144.950927, -37.789842], [144.950921, -37.789837], [144.950836, -37.789767]]]}, "properties": {"cluster_rank": 70, "precinct": "Parkville", "located_in": "Park", "tree_count": 7, "tree_type": "Gum tree (Eucalyptus)", "dominant_genus_share": 0.571, "replacement_cost_aud": 6800.0, "footprint_m2": 570.2, "avg_hvi_score": 1.0}}, {"type": "Feature", "geometry": {"type": "Polygon", "coordinates": [[[144.916659, -37.797401], [144.916662, -37.797383], [144.916674, -37.797367], [144.916693, -37.797356], [144.916715, -37.797352], [144.916738, -37.797356], [144.916834, -37.797389], [144.91685, -37.797397], [144.916862, -37.797409], [144.916868, -37.797424], [144.916902, -37.797606], [144.916901, -37.797624], [144.91689, -37.797641], [144.916872, -37.797652], [144.916849, -37.797657], [144.916825, -37.797654], [144.916715, -37.79762], [144.916698, -37.797611], [144.916685, -37.797598], [144.91668, -37.797582], [144.916659, -37.797401]]]}, "properties": {"cluster_rank": 71, "precinct": "Kensington", "located_in": "Park", "tree_count": 7, "tree_type": "Wattle (Acacia)", "dominant_genus_share": 0.571, "replacement_cost_aud": 6800.0, "footprint_m2": 551.7, "avg_hvi_score": 2.0}}, {"type": "Feature", "geometry": {"type": "Polygon", "coordinates": [[[144.940214, -37.782811], [144.940214, -37.78281], [144.940193, -37.782755], [144.94019, -37.782738], [144.940196, -37.782722], [144.940209, -37.782708], [144.940227, -37.782699], [144.940248, -37.782696], [144.940269, -37.7827], [144.940286, -37.782709], [144.940299, -37.782723], [144.940369, -37.782845], [144.940371, -37.782851], [144.940404, -37.782938], [144.940406, -37.782942], [144.940431, -37.783036], [144.940431, -37.783054], [144.940422, -37.783071], [144.940406, -37.783083], [144.940385, -37.78309], [144.940362, -37.783089], [144.940341, -37.783082], [144.940326, -37.783068], [144.940308, -37.783044], [144.940302, -37.783034], [144.940214, -37.782811]]]}, "properties": {"cluster_rank": 72, "precinct": "Parkville", "located_in": "Park", "tree_count": 7, "tree_type": "Gum tree (Eucalyptus)", "dominant_genus_share": 0.714, "replacement_cost_aud": 6800.0, "footprint_m2": 478.1, "avg_hvi_score": 2.0}}, {"type": "Feature", "geometry": {"type": "Polygon", "coordinates": [[[144.943265, -37.785725], [144.943281, -37.785718], [144.943298, -37.785715], [144.943513, -37.785708], [144.943534, -37.78571], [144.943552, -37.785719], [144.943566, -37.785732], [144.943572, -37.785748], [144.94357, -37.785764], [144.943561, -37.785779], [144.943546, -37.785791], [144.943437, -37.785846], [144.94343, -37.785849], [144.943332, -37.785884], [144.943309, -37.785888], [144.943285, -37.785884], [144.943196, -37.785852], [144.943177, -37.785841], [144.943166, -37.785825], [144.943163, -37.785807], [144.94317, -37.785789], [144.943184, -37.785775], [144.943265, -37.785725]]]}, "properties": {"cluster_rank": 73, "precinct": "Parkville", "located_in": "Park", "tree_count": 6, "tree_type": "She-oak (Allocasuarina)", "dominant_genus_share": 0.5, "replacement_cost_aud": 14400.0, "footprint_m2": 494.6, "avg_hvi_score": 2.0}}, {"type": "Feature", "geometry": {"type": "Polygon", "coordinates": [[[144.914508, -37.794484], [144.914529, -37.794477], [144.914551, -37.794476], [144.914572, -37.794482], [144.914588, -37.794494], [144.914597, -37.794511], [144.914597, -37.794528], [144.914564, -37.794682], [144.914556, -37.794699], [144.914514, -37.794751], [144.914496, -37.794765], [144.914472, -37.794771], [144.914447, -37.794769], [144.914254, -37.794713], [144.914237, -37.794705], [144.914224, -37.794692], [144.914218, -37.794677], [144.914219, -37.79466], [144.914227, -37.794646], [144.914241, -37.794634], [144.914508, -37.794484]]]}, "properties": {"cluster_rank": 74, "precinct": "Kensington", "located_in": "Park", "tree_count": 6, "tree_type": "Gum tree (Eucalyptus)", "dominant_genus_share": 0.5, "replacement_cost_aud": 9000.0, "footprint_m2": 668.6, "avg_hvi_score": 1.0}}, {"type": "Feature", "geometry": {"type": "Polygon", "coordinates": [[[144.945345, -37.786987], [144.94535, -37.786987], [144.945472, -37.787002], [144.945493, -37.787009], [144.94551, -37.787021], [144.945519, -37.787038], [144.945519, -37.787056], [144.945479, -37.787201], [144.94547, -37.787218], [144.945452, -37.78723], [144.945429, -37.787236], [144.945406, -37.787234], [144.945386, -37.787224], [144.945158, -37.787058], [144.945145, -37.787043], [144.94514, -37.787025], [144.945145, -37.787008], [144.945158, -37.786992], [144.945177, -37.786983], [144.9452, -37.78698], [144.945345, -37.786987]]]}, "properties": {"cluster_rank": 75, "precinct": "Parkville", "located_in": "Park", "tree_count": 6, "tree_type": "Gum tree (Eucalyptus)", "dominant_genus_share": 1.0, "replacement_cost_aud": 7200.0, "footprint_m2": 610.8, "avg_hvi_score": 1.0}}, {"type": "Feature", "geometry": {"type": "Polygon", "coordinates": [[[144.922711, -37.792319], [144.92273, -37.79232], [144.922748, -37.792326], [144.922762, -37.792336], [144.922812, -37.79239], [144.922822, -37.792405], [144.922823, -37.792422], [144.922817, -37.792438], [144.922795, -37.792471], [144.922781, -37.792484], [144.922762, -37.792493], [144.922741, -37.792495], [144.92272, -37.79249], [144.922531, -37.792416], [144.922515, -37.792406], [144.922504, -37.792392], [144.9225, -37.792376], [144.922503, -37.79236], [144.922514, -37.792346], [144.922531, -37.792336], [144.922551, -37.792331], [144.922711, -37.792319]]]}, "properties": {"cluster_rank": 76, "precinct": "Kensington", "located_in": "Park", "tree_count": 6, "tree_type": "Peppercorn (Schinus)", "dominant_genus_share": 1.0, "replacement_cost_aud": 7200.0, "footprint_m2": 380.7, "avg_hvi_score": 1.0}}, {"type": "Feature", "geometry": {"type": "Polygon", "coordinates": [[[144.972324, -37.793329], [144.972322, -37.793329], [144.972285, -37.793337], [144.97228, -37.793338], [144.972214, -37.793347], [144.972211, -37.793348], [144.972181, -37.793351], [144.97216, -37.793349], [144.972141, -37.793342], [144.972126, -37.793329], [144.972119, -37.793313], [144.972119, -37.793296], [144.972128, -37.79328], [144.972143, -37.793268], [144.972163, -37.793262], [144.97233, -37.793234], [144.972351, -37.793234], [144.972371, -37.79324], [144.972387, -37.793252], [144.972396, -37.793268], [144.972397, -37.793285], [144.97239, -37.793301], [144.972376, -37.793314], [144.972357, -37.793322], [144.972324, -37.793329]]]}, "properties": {"cluster_rank": 77, "precinct": "Carlton", "located_in": "Park", "tree_count": 6, "tree_type": "Apple myrtle (Angophora)", "dominant_genus_share": 1.0, "replacement_cost_aud": 7200.0, "footprint_m2": 230.2, "avg_hvi_score": 2.0}}, {"type": "Feature", "geometry": {"type": "Polygon", "coordinates": [[[144.951146, -37.779196], [144.95116, -37.779211], [144.951164, -37.77923], [144.95116, -37.779248], [144.951071, -37.779407], [144.951057, -37.779422], [144.951036, -37.779431], [144.951012, -37.779433], [144.95099, -37.779427], [144.950972, -37.779414], [144.950963, -37.779397], [144.950897, -37.779126], [144.950897, -37.779108], [144.950907, -37.779091], [144.950925, -37.779079], [144.950947, -37.779073], [144.95097, -37.779075], [144.950991, -37.779084], [144.951146, -37.779196]]]}, "properties": {"cluster_rank": 78, "precinct": "Parkville", "located_in": "Park", "tree_count": 6, "tree_type": "Paperbark (Melaleuca)", "dominant_genus_share": 0.667, "replacement_cost_aud": 7200.0, "footprint_m2": 587.3, "avg_hvi_score": 1.0}}, {"type": "Feature", "geometry": {"type": "Polygon", "coordinates": [[[144.935551, -37.815563], [144.935558, -37.815561], [144.935607, -37.815544], [144.935627, -37.815541], [144.935647, -37.815543], [144.935665, -37.815551], [144.935678, -37.815564], [144.935698, -37.815591], [144.935705, -37.815608], [144.935703, -37.815626], [144.935693, -37.815642], [144.935675, -37.815653], [144.935628, -37.815673], [144.935623, -37.815675], [144.93558, -37.815689], [144.935559, -37.815693], [144.935537, -37.81569], [144.935519, -37.81568], [144.935506, -37.815666], [144.93549, -37.815639], [144.935485, -37.815623], [144.935488, -37.815606], [144.935498, -37.815592], [144.935513, -37.815581], [144.935551, -37.815563]]]}, "properties": {"cluster_rank": 79, "precinct": "Docklands", "located_in": "Street", "tree_count": 6, "tree_type": "Paperbark (Melaleuca)", "dominant_genus_share": 1.0, "replacement_cost_aud": 7200.0, "footprint_m2": 230.0, "avg_hvi_score": 3.0}}, {"type": "Feature", "geometry": {"type": "Polygon", "coordinates": [[[144.944194, -37.821839], [144.944351, -37.821793], [144.944374, -37.821791], [144.944396, -37.821795], [144.944414, -37.821806], [144.944425, -37.821822], [144.944428, -37.82184], [144.944421, -37.821857], [144.944406, -37.821871], [144.944321, -37.821924], [144.944305, -37.821931], [144.944088, -37.821993], [144.944067, -37.821996], [144.944046, -37.821992], [144.944028, -37.821982], [144.944016, -37.821968], [144.944012, -37.821952], [144.944015, -37.821935], [144.944029, -37.821905], [144.944042, -37.821888], [144.944063, -37.821878], [144.944194, -37.821839]]]}, "properties": {"cluster_rank": 80, "precinct": "Docklands", "located_in": "Park", "tree_count": 6, "tree_type": "Water gum (Tristaniopsis)", "dominant_genus_share": 1.0, "replacement_cost_aud": 7200.0, "footprint_m2": 447.7, "avg_hvi_score": 1.0}}, {"type": "Feature", "geometry": {"type": "Polygon", "coordinates": [[[144.956523, -37.815654], [144.956522, -37.815652], [144.956497, -37.81559], [144.956494, -37.815573], [144.9565, -37.815556], [144.956513, -37.815543], [144.956532, -37.815534], [144.956554, -37.815531], [144.956575, -37.815535], [144.956592, -37.815545], [144.956604, -37.81556], [144.956745, -37.815849], [144.956749, -37.815866], [144.956744, -37.815883], [144.956732, -37.815897], [144.956713, -37.815907], [144.956692, -37.81591], [144.95667, -37.815907], [144.956652, -37.815897], [144.95664, -37.815883], [144.956609, -37.815826], [144.956608, -37.815825], [144.956523, -37.815654]]]}, "properties": {"cluster_rank": 81, "precinct": "Melbourne", "located_in": "Street", "tree_count": 6, "tree_type": "Fig (Ficus)", "dominant_genus_share": 1.0, "replacement_cost_aud": 7200.0, "footprint_m2": 429.4, "avg_hvi_score": 2.0}}, {"type": "Feature", "geometry": {"type": "Polygon", "coordinates": [[[144.945565, -37.78387], [144.945586, -37.783861], [144.945609, -37.78386], [144.945631, -37.783866], [144.945648, -37.783878], [144.945658, -37.783895], [144.945658, -37.783914], [144.945649, -37.783931], [144.945484, -37.784114], [144.945481, -37.784117], [144.945398, -37.784196], [144.945381, -37.784207], [144.945361, -37.784212], [144.945339, -37.784211], [144.94532, -37.784203], [144.945306, -37.78419], [144.945298, -37.784174], [144.945299, -37.784157], [144.945335, -37.784039], [144.945342, -37.784026], [144.945353, -37.784016], [144.945565, -37.78387]]]}, "properties": {"cluster_rank": 82, "precinct": "Parkville", "located_in": "Park", "tree_count": 6, "tree_type": "Wattle (Acacia)", "dominant_genus_share": 0.833, "replacement_cost_aud": 6400.0, "footprint_m2": 556.7, "avg_hvi_score": 2.0}}, {"type": "Feature", "geometry": {"type": "Polygon", "coordinates": [[[144.944755, -37.784736], [144.944773, -37.784749], [144.944782, -37.784768], [144.94478, -37.784788], [144.944735, -37.784899], [144.944723, -37.784915], [144.944705, -37.784926], [144.944555, -37.784981], [144.944533, -37.784986], [144.944511, -37.784983], [144.944492, -37.784974], [144.944479, -37.78496], [144.944474, -37.784943], [144.944477, -37.784925], [144.944576, -37.784712], [144.944586, -37.784698], [144.944602, -37.784688], [144.944621, -37.784683], [144.944641, -37.784683], [144.944659, -37.784689], [144.944755, -37.784736]]]}, "properties": {"cluster_rank": 83, "precinct": "Parkville", "located_in": "Park", "tree_count": 6, "tree_type": "Wattle (Acacia)", "dominant_genus_share": 0.5, "replacement_cost_aud": 6400.0, "footprint_m2": 581.8, "avg_hvi_score": 2.0}}, {"type": "Feature", "geometry": {"type": "Polygon", "coordinates": [[[144.951287, -37.796103], [144.951269, -37.796094], [144.951256, -37.79608], [144.951251, -37.796064], [144.951253, -37.796046], [144.951264, -37.796032], [144.951281, -37.796021], [144.951302, -37.796016], [144.951476, -37.796004], [144.9515, -37.796006], [144.95152, -37.796015], [144.951534, -37.79603], [144.951538, -37.796049], [144.951533, -37.796067], [144.951519, -37.796082], [144.951499, -37.796091], [144.951422, -37.796111], [144.951388, -37.79612], [144.951371, -37.796122], [144.951355, -37.79612], [144.951314, -37.796111], [144.95131, -37.79611], [144.951287, -37.796103]]]}, "properties": {"cluster_rank": 84, "precinct": "Parkville", "located_in": "Park", "tree_count": 6, "tree_type": "Wattle (Acacia)", "dominant_genus_share": 1.0, "replacement_cost_aud": 4800.0, "footprint_m2": 252.3, "avg_hvi_score": 1.0}}, {"type": "Feature", "geometry": {"type": "Polygon", "coordinates": [[[144.95076, -37.81909], [144.950763, -37.81909], [144.950895, -37.819064], [144.950916, -37.819063], [144.950936, -37.819068], [144.950952, -37.819078], [144.950962, -37.819093], [144.950965, -37.819109], [144.950961, -37.819125], [144.950949, -37.819139], [144.950932, -37.819149], [144.950856, -37.819175], [144.950845, -37.819178], [144.950671, -37.819207], [144.95065, -37.819207], [144.95063, -37.819201], [144.950614, -37.81919], [144.950605, -37.819174], [144.950603, -37.819158], [144.950609, -37.819141], [144.950623, -37.819128], [144.950641, -37.81912], [144.950682, -37.819109], [144.950683, -37.819109], [144.95076, -37.81909]]]}, "properties": {"cluster_rank": 85, "precinct": "Docklands", "located_in": "Street", "tree_count": 6, "tree_type": "Syzygium", "dominant_genus_share": 1.0, "replacement_cost_aud": 4000.0, "footprint_m2": 321.4, "avg_hvi_score": 2.0}}, {"type": "Feature", "geometry": {"type": "Polygon", "coordinates": [[[144.946402, -37.820275], [144.94642, -37.82027], [144.946439, -37.820267], [144.946461, -37.820267], [144.946482, -37.820274], [144.946498, -37.820287], [144.946506, -37.820303], [144.946505, -37.820321], [144.946496, -37.820337], [144.94648, -37.820349], [144.946388, -37.820395], [144.946366, -37.820401], [144.946343, -37.8204], [144.946322, -37.820391], [144.946307, -37.820376], [144.946302, -37.820358], [144.946306, -37.820339], [144.946319, -37.820324], [144.946349, -37.820301], [144.946359, -37.820295], [144.946402, -37.820275]]]}, "properties": {"cluster_rank": 86, "precinct": "Docklands", "located_in": "Park", "tree_count": 6, "tree_type": "She-oak (Casuarina)", "dominant_genus_share": 0.667, "replacement_cost_aud": 3200.0, "footprint_m2": 176.9, "avg_hvi_score": 1.0}}, {"type": "Feature", "geometry": {"type": "Polygon", "coordinates": [[[144.959395, -37.787372], [144.959395, -37.787372], [144.959402, -37.787324], [144.959415, -37.787232], [144.959427, -37.78721], [144.95944, -37.787196], [144.959456, -37.78718], [144.959472, -37.787169], [144.959492, -37.787163], [144.959514, -37.787164], [144.959534, -37.787171], [144.959548, -37.787184], [144.959556, -37.7872], [144.959556, -37.787217], [144.959537, -37.787289], [144.959524, -37.787339], [144.959502, -37.787424], [144.959494, -37.787439], [144.959479, -37.787452], [144.959459, -37.787459], [144.959438, -37.787459], [144.959418, -37.787453], [144.959402, -37.787442], [144.959392, -37.787427], [144.95939, -37.78741], [144.959395, -37.787372]]]}, "properties": {"cluster_rank": 87, "precinct": "Carlton North", "located_in": "Park", "tree_count": 5, "tree_type": "Gum tree (Eucalyptus)", "dominant_genus_share": 1.0, "replacement_cost_aud": 24000.0, "footprint_m2": 334.8, "avg_hvi_score": 1.0}}, {"type": "Feature", "geometry": {"type": "Polygon", "coordinates": [[[144.978406, -37.83807], [144.978422, -37.838056], [144.978443, -37.838049], [144.978467, -37.838049], [144.978488, -37.838057], [144.978569, -37.838103], [144.978584, -37.838115], [144.978592, -37.838131], [144.978592, -37.838148], [144.978584, -37.838163], [144.978528, -37.838234], [144.978527, -37.838235], [144.978483, -37.83829], [144.978467, -37.838303], [144.978445, -37.83831], [144.978422, -37.83831], [144.978401, -37.838302], [144.978386, -37.838289], [144.978378, -37.838272], [144.978359, -37.838152], [144.978359, -37.838137], [144.978366, -37.838122], [144.978406, -37.83807]]]}, "properties": {"cluster_rank": 88, "precinct": "South Yarra", "located_in": "Park", "tree_count": 5, "tree_type": "Elm (Ulmus)", "dominant_genus_share": 1.0, "replacement_cost_aud": 15000.0, "footprint_m2": 406.7, "avg_hvi_score": 1.0}}, {"type": "Feature", "geometry": {"type": "Polygon", "coordinates": [[[144.982279, -37.839031], [144.982275, -37.839013], [144.982281, -37.838995], [144.982295, -37.838981], [144.982315, -37.838972], [144.982337, -37.83897], [144.98248, -37.83898], [144.982499, -37.838984], [144.982515, -37.838993], [144.982527, -37.839006], [144.982556, -37.839057], [144.982561, -37.839073], [144.982558, -37.839089], [144.982548, -37.839104], [144.982459, -37.839192], [144.982442, -37.839203], [144.98242, -37.839208], [144.982397, -37.839206], [144.982378, -37.839197], [144.982364, -37.839183], [144.982319, -37.839111], [144.982318, -37.839108], [144.982279, -37.839031]]]}, "properties": {"cluster_rank": 89, "precinct": "South Yarra", "located_in": "Park", "tree_count": 5, "tree_type": "Elm (Ulmus)", "dominant_genus_share": 1.0, "replacement_cost_aud": 13200.0, "footprint_m2": 461.1, "avg_hvi_score": 1.0}}, {"type": "Feature", "geometry": {"type": "Polygon", "coordinates": [[[144.961229, -37.781905], [144.961222, -37.78189], [144.961222, -37.781873], [144.96123, -37.781857], [144.961245, -37.781845], [144.961265, -37.781838], [144.961286, -37.781837], [144.961553, -37.781869], [144.961573, -37.781875], [144.961589, -37.781886], [144.961599, -37.781901], [144.961601, -37.781918], [144.961595, -37.781934], [144.961542, -37.782016], [144.961528, -37.78203], [144.961508, -37.782038], [144.961486, -37.78204], [144.961352, -37.782031], [144.961327, -37.782024], [144.961308, -37.782009], [144.961229, -37.781905]]]}, "properties": {"cluster_rank": 90, "precinct": "Carlton North", "located_in": "Park", "tree_count": 5, "tree_type": "Ash (Fraxinus)", "dominant_genus_share": 0.6, "replacement_cost_aud": 12600.0, "footprint_m2": 552.6, "avg_hvi_score": 1.0}}, {"type": "Feature", "geometry": {"type": "Polygon", "coordinates": [[[144.959465, -37.786738], [144.959476, -37.786725], [144.959491, -37.786717], [144.959614, -37.786667], [144.959636, -37.786663], [144.959659, -37.786665], [144.959678, -37.786675], [144.959691, -37.78669], [144.959733, -37.786767], [144.959737, -37.786783], [144.959735, -37.786799], [144.959725, -37.786813], [144.95971, -37.786823], [144.959553, -37.786899], [144.959529, -37.786905], [144.959505, -37.786903], [144.959484, -37.786892], [144.95947, -37.786876], [144.95944, -37.786812], [144.959436, -37.786794], [144.959442, -37.786777], [144.959465, -37.786738]]]}, "properties": {"cluster_rank": 91, "precinct": "Carlton North", "located_in": "Park", "tree_count": 5, "tree_type": "Gum tree (Eucalyptus)", "dominant_genus_share": 0.8, "replacement_cost_aud": 9600.0, "footprint_m2": 478.1, "avg_hvi_score": 1.0}}, {"type": "Feature", "geometry": {"type": "Polygon", "coordinates": [[[144.919862, -37.793279], [144.919863, -37.793278], [144.919869, -37.79325], [144.919878, -37.793233], [144.919894, -37.79322], [144.919915, -37.793214], [144.919938, -37.793214], [144.919959, -37.793222], [144.920016, -37.793256], [144.92003, -37.793267], [144.920038, -37.793281], [144.920039, -37.793296], [144.920036, -37.793324], [144.920029, -37.793342], [144.920015, -37.793355], [144.919995, -37.793363], [144.919972, -37.793365], [144.919906, -37.793358], [144.919885, -37.793353], [144.919868, -37.793341], [144.919858, -37.793325], [144.919857, -37.793307], [144.919862, -37.793279]]]}, "properties": {"cluster_rank": 92, "precinct": "Kensington", "located_in": "Park", "tree_count": 5, "tree_type": "Poplar (Populus)", "dominant_genus_share": 1.0, "replacement_cost_aud": 7800.0, "footprint_m2": 211.5, "avg_hvi_score": 2.0}}, {"type": "Feature", "geometry": {"type": "Polygon", "coordinates": [[[144.984048, -37.826822], [144.98406, -37.826821], [144.984095, -37.826823], [144.984114, -37.826826], [144.984131, -37.826835], [144.984143, -37.826848], [144.984218, -37.826969], [144.984224, -37.826986], [144.984221, -37.827004], [144.984209, -37.827019], [144.984191, -37.82703], [144.984169, -37.827034], [144.984147, -37.827031], [144.984128, -37.827021], [144.983974, -37.826904], [144.983962, -37.826891], [144.983957, -37.826875], [144.983959, -37.826858], [144.983969, -37.826844], [144.983985, -37.826833], [144.984005, -37.826827], [144.984048, -37.826822]]]}, "properties": {"cluster_rank": 93, "precinct": "Melbourne", "located_in": "Park", "tree_count": 5, "tree_type": "Fig (Ficus)", "dominant_genus_share": 0.4, "replacement_cost_aud": 7800.0, "footprint_m2": 329.8, "avg_hvi_score": 1.0}}, {"type": "Feature", "geometry": {"type": "Polygon", "coordinates": [[[144.92005, -37.793604], [144.920064, -37.793592], [144.920083, -37.793585], [144.920105, -37.793584], [144.920125, -37.793589], [144.920141, -37.7936], [144.920152, -37.793615], [144.920154, -37.793632], [144.920134, -37.793851], [144.920128, -37.793868], [144.920115, -37.793881], [144.920096, -37.79389], [144.920075, -37.793893], [144.920054, -37.793889], [144.920036, -37.793879], [144.920024, -37.793864], [144.919966, -37.793744], [144.919962, -37.793723], [144.919971, -37.793703], [144.92005, -37.793604]]]}, "properties": {"cluster_rank": 94, "precinct": "Kensington", "located_in": "Park", "tree_count": 5, "tree_type": "Maple (Acer)", "dominant_genus_share": 0.4, "replacement_cost_aud": 6200.0, "footprint_m2": 410.1, "avg_hvi_score": 2.0}}, {"type": "Feature", "geometry": {"type": "Polygon", "coordinates": [[[144.949704, -37.791856], [144.949722, -37.791849], [144.949743, -37.791848], [144.949762, -37.791852], [144.949885, -37.7919], [144.949902, -37.79191], [144.949913, -37.791923], [144.949917, -37.79194], [144.949914, -37.791956], [144.949903, -37.79197], [144.949887, -37.79198], [144.949852, -37.791994], [144.949837, -37.791999], [144.949636, -37.792031], [144.949613, -37.792031], [144.949592, -37.792024], [144.949576, -37.792011], [144.949568, -37.791994], [144.949569, -37.791976], [144.949581, -37.79194], [144.949589, -37.791926], [144.949603, -37.791915], [144.949704, -37.791856]]]}, "properties": {"cluster_rank": 95, "precinct": "Parkville", "located_in": "Park", "tree_count": 5, "tree_type": "Gum tree (Eucalyptus)", "dominant_genus_share": 1.0, "replacement_cost_aud": 6200.0, "footprint_m2": 426.7, "avg_hvi_score": 1.0}}, {"type": "Feature", "geometry": {"type": "Polygon", "coordinates": [[[144.922884, -37.790987], [144.92288, -37.790969], [144.922886, -37.790951], [144.9229, -37.790936], [144.922921, -37.790928], [144.922945, -37.790926], [144.922967, -37.790933], [144.923063, -37.790981], [144.923077, -37.790991], [144.923086, -37.791003], [144.923111, -37.791054], [144.923114, -37.79107], [144.923111, -37.791087], [144.9231, -37.791101], [144.923083, -37.791111], [144.923063, -37.791115], [144.923042, -37.791113], [144.923023, -37.791106], [144.92292, -37.791044], [144.922902, -37.791024], [144.922884, -37.790987]]]}, "properties": {"cluster_rank": 96, "precinct": "Kensington", "located_in": "Park", "tree_count": 5, "tree_type": "Maple (Acer)", "dominant_genus_share": 0.6, "replacement_cost_aud": 6000.0, "footprint_m2": 267.3, "avg_hvi_score": 1.0}}, {"type": "Feature", "geometry": {"type": "Polygon", "coordinates": [[[144.940613, -37.781351], [144.940595, -37.781345], [144.940574, -37.781333], [144.940559, -37.78132], [144.940551, -37.781303], [144.940552, -37.781285], [144.940562, -37.781269], [144.940579, -37.781257], [144.940601, -37.781252], [144.940624, -37.781254], [144.940706, -37.781275], [144.940726, -37.781284], [144.94074, -37.781299], [144.940745, -37.781317], [144.94074, -37.781336], [144.940726, -37.781351], [144.940706, -37.78136], [144.940682, -37.781362], [144.940662, -37.78136], [144.940655, -37.781359], [144.940613, -37.781351]]]}, "properties": {"cluster_rank": 97, "precinct": "Parkville", "located_in": "Park", "tree_count": 5, "tree_type": "She-oak (Allocasuarina)", "dominant_genus_share": 1.0, "replacement_cost_aud": 6000.0, "footprint_m2": 155.4, "avg_hvi_score": 2.0}}, {"type": "Feature", "geometry": {"type": "Polygon", "coordinates": [[[144.940151, -37.782013], [144.940164, -37.781997], [144.940184, -37.781987], [144.940207, -37.781984], [144.94023, -37.781988], [144.940248, -37.782], [144.940259, -37.782017], [144.94026, -37.782036], [144.940225, -37.782213], [144.940217, -37.78223], [144.940201, -37.782243], [144.940179, -37.78225], [144.940156, -37.78225], [144.940135, -37.782242], [144.94012, -37.782228], [144.940113, -37.78221], [144.940103, -37.782127], [144.940106, -37.782107], [144.940151, -37.782013]]]}, "properties": {"cluster_rank": 98, "precinct": "Parkville", "located_in": "Park", "tree_count": 5, "tree_type": "She-oak (Allocasuarina)", "dominant_genus_share": 1.0, "replacement_cost_aud": 6000.0, "footprint_m2": 301.4, "avg_hvi_score": 2.0}}, {"type": "Feature", "geometry": {"type": "Polygon", "coordinates": [[[144.917068, -37.795265], [144.917066, -37.795246], [144.917073, -37.795229], [144.917088, -37.795215], [144.917109, -37.795207], [144.917132, -37.795207], [144.917188, -37.795214], [144.917189, -37.795215], [144.917329, -37.795236], [144.91735, -37.795243], [144.917365, -37.795255], [144.917374, -37.795272], [144.917374, -37.79529], [144.917365, -37.795306], [144.91727, -37.795414], [144.917255, -37.795425], [144.917236, -37.795432], [144.917216, -37.795432], [144.917168, -37.795427], [144.917148, -37.795422], [144.917131, -37.795411], [144.917121, -37.795396], [144.917068, -37.795265]]]}, "properties": {"cluster_rank": 99, "precinct": "Kensington", "located_in": "Park", "tree_count": 5, "tree_type": "Kurrajong (Brachychiton)", "dominant_genus_share": 0.4, "replacement_cost_aud": 6000.0, "footprint_m2": 482.2, "avg_hvi_score": 1.0}}, {"type": "Feature", "geometry": {"type": "Polygon", "coordinates": [[[144.914374, -37.794854], [144.914395, -37.79486], [144.914412, -37.794872], [144.914422, -37.794887], [144.914423, -37.794905], [144.914416, -37.794921], [144.914402, -37.794935], [144.914247, -37.795031], [144.914227, -37.795039], [144.914204, -37.79504], [144.914183, -37.795034], [144.914166, -37.795022], [144.91405, -37.794897], [144.91404, -37.794881], [144.914039, -37.794864], [144.914047, -37.794847], [144.914061, -37.794834], [144.914081, -37.794826], [144.914103, -37.794825], [144.914374, -37.794854]]]}, "properties": {"cluster_rank": 100, "precinct": "Kensington", "located_in": "Park", "tree_count": 5, "tree_type": "Wilga (Geijera)", "dominant_genus_share": 0.4, "replacement_cost_aud": 6000.0, "footprint_m2": 520.1, "avg_hvi_score": 1.0}}, {"type": "Feature", "geometry": {"type": "Polygon", "coordinates": [[[144.989846, -37.812487], [144.989853, -37.812471], [144.989868, -37.812458], [144.989887, -37.81245], [144.989909, -37.812449], [144.98993, -37.812454], [144.989947, -37.812465], [144.989957, -37.812481], [144.989959, -37.812498], [144.989944, -37.812621], [144.989944, -37.812624], [144.989918, -37.812747], [144.98991, -37.812764], [144.989896, -37.812776], [144.989876, -37.812784], [144.989854, -37.812785], [144.989833, -37.812779], [144.989817, -37.812767], [144.989807, -37.812752], [144.989806, -37.812735], [144.989833, -37.812559], [144.989833, -37.812558], [144.989846, -37.812487]]]}, "properties": {"cluster_rank": 101, "precinct": "East Melbourne", "located_in": "Street", "tree_count": 5, "tree_type": "Zelkova", "dominant_genus_share": 1.0, "replacement_cost_aud": 6000.0, "footprint_m2": 360.7, "avg_hvi_score": 2.0}}, {"type": "Feature", "geometry": {"type": "Polygon", "coordinates": [[[144.91378, -37.803009], [144.913792, -37.802998], [144.913802, -37.802992], [144.913817, -37.802986], [144.913834, -37.802983], [144.913852, -37.802982], [144.913873, -37.802985], [144.913892, -37.802994], [144.913905, -37.803007], [144.913911, -37.803023], [144.913909, -37.80304], [144.913899, -37.803055], [144.913857, -37.803097], [144.913837, -37.80311], [144.913812, -37.803114], [144.913787, -37.80311], [144.913776, -37.803105], [144.913757, -37.803093], [144.913746, -37.803076], [144.913745, -37.803057], [144.913754, -37.80304], [144.91378, -37.803009]]]}, "properties": {"cluster_rank": 102, "precinct": "West Melbourne", "located_in": "Park", "tree_count": 5, "tree_type": "Wattle (Acacia)", "dominant_genus_share": 0.8, "replacement_cost_aud": 6000.0, "footprint_m2": 152.6, "avg_hvi_score": 1.0}}, {"type": "Feature", "geometry": {"type": "Polygon", "coordinates": [[[144.916404, -37.796814], [144.916413, -37.79682], [144.916464, -37.796862], [144.916477, -37.79688], [144.916479, -37.7969], [144.91647, -37.796919], [144.916401, -37.796998], [144.916384, -37.797011], [144.916361, -37.797017], [144.916337, -37.797015], [144.916317, -37.797006], [144.916303, -37.796991], [144.916199, -37.796803], [144.916194, -37.796787], [144.916197, -37.796771], [144.916207, -37.796756], [144.916223, -37.796746], [144.916243, -37.796741], [144.916264, -37.796741], [144.916283, -37.796748], [144.916404, -37.796814]]]}, "properties": {"cluster_rank": 103, "precinct": "Kensington", "located_in": "Park", "tree_count": 5, "tree_type": "Wattle (Acacia)", "dominant_genus_share": 0.4, "replacement_cost_aud": 4400.0, "footprint_m2": 451.7, "avg_hvi_score": 2.0}}, {"type": "Feature", "geometry": {"type": "Polygon", "coordinates": [[[144.947217, -37.78305], [144.947218, -37.783049], [144.947336, -37.782957], [144.947353, -37.782947], [144.947374, -37.782944], [144.947396, -37.782947], [144.947414, -37.782956], [144.947427, -37.782969], [144.947432, -37.782986], [144.947429, -37.783003], [144.947419, -37.783018], [144.947346, -37.783087], [144.947345, -37.783088], [144.947202, -37.783215], [144.947185, -37.783226], [144.947165, -37.78323], [144.947144, -37.783229], [144.947125, -37.783221], [144.947111, -37.783209], [144.947104, -37.783193], [144.947104, -37.783176], [144.947112, -37.783161], [144.947172, -37.783089], [144.947178, -37.783083], [144.947217, -37.78305]]]}, "properties": {"cluster_rank": 104, "precinct": "Parkville", "located_in": "Park", "tree_count": 5, "tree_type": "Gum tree (Eucalyptus)", "dominant_genus_share": 0.4, "replacement_cost_aud": 4400.0, "footprint_m2": 389.5, "avg_hvi_score": 1.0}}, {"type": "Feature", "geometry": {"type": "Polygon", "coordinates": [[[144.94891, -37.791383], [144.948928, -37.791374], [144.94895, -37.79137], [144.948971, -37.791374], [144.948989, -37.791383], [144.949002, -37.791398], [144.949006, -37.791415], [144.949008, -37.791553], [144.949003, -37.791573], [144.948987, -37.791589], [144.948965, -37.791598], [144.948779, -37.791633], [144.948757, -37.791633], [144.948737, -37.791627], [144.94872, -37.791615], [144.948711, -37.7916], [144.948703, -37.791575], [144.948702, -37.791559], [144.948707, -37.791544], [144.948719, -37.791532], [144.94891, -37.791383]]]}, "properties": {"cluster_rank": 105, "precinct": "Parkville", "located_in": "Park", "tree_count": 5, "tree_type": "Gum tree (Eucalyptus)", "dominant_genus_share": 0.8, "replacement_cost_aud": 4400.0, "footprint_m2": 523.9, "avg_hvi_score": 1.0}}, {"type": "Feature", "geometry": {"type": "Polygon", "coordinates": [[[144.922553, -37.791085], [144.922574, -37.791088], [144.922592, -37.791097], [144.922605, -37.791112], [144.92261, -37.791129], [144.922606, -37.791146], [144.922562, -37.79124], [144.922547, -37.791258], [144.922441, -37.791335], [144.922422, -37.791344], [144.922401, -37.791347], [144.922379, -37.791343], [144.922362, -37.791333], [144.92235, -37.791318], [144.922346, -37.791301], [144.92235, -37.791284], [144.922441, -37.791113], [144.922453, -37.791098], [144.922472, -37.791088], [144.922493, -37.791085], [144.922553, -37.791085]]]}, "properties": {"cluster_rank": 106, "precinct": "Kensington", "located_in": "Park", "tree_count": 5, "tree_type": "Peppercorn (Schinus)", "dominant_genus_share": 0.6, "replacement_cost_aud": 3600.0, "footprint_m2": 407.4, "avg_hvi_score": 1.0}}, {"type": "Feature", "geometry": {"type": "Polygon", "coordinates": [[[144.940657, -37.783272], [144.940663, -37.783257], [144.940676, -37.783244], [144.940694, -37.783235], [144.940714, -37.783233], [144.940735, -37.783236], [144.940752, -37.783245], [144.940765, -37.783258], [144.940808, -37.783329], [144.940813, -37.783348], [144.940814, -37.783415], [144.940811, -37.783431], [144.9408, -37.783446], [144.940784, -37.783456], [144.940763, -37.78346], [144.940743, -37.783459], [144.940724, -37.783452], [144.94071, -37.783439], [144.940655, -37.78337], [144.940648, -37.783356], [144.940647, -37.783341], [144.940657, -37.783272]]]}, "properties": {"cluster_rank": 107, "precinct": "Parkville", "located_in": "Park", "tree_count": 5, "tree_type": "Bottlebrush (Callistemon)", "dominant_genus_share": 0.6, "replacement_cost_aud": 3600.0, "footprint_m2": 276.7, "avg_hvi_score": 2.0}}, {"type": "Feature", "geometry": {"type": "Polygon", "coordinates": [[[144.956829, -37.788144], [144.95685, -37.788134], [144.956874, -37.788132], [144.956897, -37.788139], [144.956914, -37.788152], [144.956923, -37.78817], [144.956928, -37.788193], [144.956929, -37.788195], [144.956949, -37.788341], [144.956947, -37.788359], [144.956936, -37.788374], [144.956919, -37.788386], [144.956898, -37.788391], [144.956876, -37.788389], [144.956856, -37.788381], [144.956842, -37.788368], [144.956757, -37.788243], [144.95675, -37.788224], [144.956754, -37.788204], [144.956768, -37.788188], [144.956829, -37.788144]]]}, "properties": {"cluster_rank": 108, "precinct": "Parkville", "located_in": "Park", "tree_count": 5, "tree_type": "Gum tree (Eucalyptus)", "dominant_genus_share": 1.0, "replacement_cost_aud": 2800.0, "footprint_m2": 342.3, "avg_hvi_score": 1.0}}, {"type": "Feature", "geometry": {"type": "Polygon", "coordinates": [[[144.950163, -37.787719], [144.950163, -37.787719], [144.950175, -37.787735], [144.950183, -37.787752], [144.950181, -37.78777], [144.950171, -37.787786], [144.950153, -37.787798], [144.94998, -37.787868], [144.949959, -37.787873], [144.949936, -37.787871], [144.949917, -37.787862], [144.949903, -37.787848], [144.949898, -37.78783], [144.949901, -37.787813], [144.949913, -37.787797], [144.950051, -37.787681], [144.950067, -37.787672], [144.950088, -37.787667], [144.950108, -37.787669], [144.950127, -37.787677], [144.950141, -37.787689], [144.950163, -37.787719]]]}, "properties": {"cluster_rank": 109, "precinct": "Parkville", "located_in": "Park", "tree_count": 5, "tree_type": "She-oak (Allocasuarina)", "dominant_genus_share": 0.8, "replacement_cost_aud": 2000.0, "footprint_m2": 329.9, "avg_hvi_score": 1.0}}, {"type": "Feature", "geometry": {"type": "Polygon", "coordinates": [[[144.933674, -37.816708], [144.93366, -37.816695], [144.933653, -37.816678], [144.933655, -37.816661], [144.933664, -37.816645], [144.9337, -37.816608], [144.933719, -37.816596], [144.933742, -37.816591], [144.933767, -37.816594], [144.933787, -37.816605], [144.933849, -37.816658], [144.93386, -37.816672], [144.933865, -37.816688], [144.933861, -37.816704], [144.93385, -37.816718], [144.933834, -37.816729], [144.933814, -37.816733], [144.93376, -37.816738], [144.933731, -37.816735], [144.933708, -37.816727], [144.933695, -37.816721], [144.933674, -37.816708]]]}, "properties": {"cluster_rank": 110, "precinct": "Docklands", "located_in": "Park", "tree_count": 5, "tree_type": "She-oak (Casuarina)", "dominant_genus_share": 1.0, "replacement_cost_aud": 2000.0, "footprint_m2": 217.2, "avg_hvi_score": 3.0}}, {"type": "Feature", "geometry": {"type": "Polygon", "coordinates": [[[144.950873, -37.778887], [144.950876, -37.77887], [144.950887, -37.778856], [144.950904, -37.778846], [144.950924, -37.778841], [144.950945, -37.778843], [144.950963, -37.77885], [144.950977, -37.778862], [144.951078, -37.77899], [144.951086, -37.779008], [144.951084, -37.779026], [144.951074, -37.779043], [144.951055, -37.779054], [144.951033, -37.779059], [144.95101, -37.779056], [144.950911, -37.779027], [144.950892, -37.779017], [144.950879, -37.779003], [144.950874, -37.778985], [144.950873, -37.778887]]]}, "properties": {"cluster_rank": 111, "precinct": "Parkville", "located_in": "Park", "tree_count": 4, "tree_type": "Paperbark (Melaleuca)", "dominant_genus_share": 0.5, "replacement_cost_aud": 4800.0, "footprint_m2": 308.6, "avg_hvi_score": 1.0}}]}